id,no,word,source_list,category_hint,phase1_input_file,phase1_status,phase1_output_file,phase2_datasets,notes,automation_eligible,last_automation_run,automation_run_id,phase1_term_count,phase1_verse_count,strongs_list
1,1,abomination,Missing Inner Being Words,Moral/Conscience,word Abomination.md,Complete,WA-001-abomination-data-2026-03-07.json,1.0,14 terms (14 extracted). 1 part. Session A Instruction v4. MTI: extracted.,1,,,,,
2,2,agony,Missing Inner Being Words,Affective/Emotional,word agony.md,Complete,WA-002-agony-data-2026-03-08.json,1.0,1 term. 1 part. Spec v5. MTI: extracted.,1,,,,,
3,3,ambition,Low Confidence / Inferred,,word ambition,Complete,WA-003-ambition-data-2026-03-07.json,1.0,2 terms (2 extracted). 1 part. Session A Instruction v4. MTI: extracted.,1,,,,,
4,4,anger,High Confidence,,word anger.md,Complete,WA-004-anger-data-2026-03-08.json,1.0,32 terms (32 extracted). 1 part. Session A Instruction v4. MTI: extracted.,1,,,,,
5,5,anguish,Missing Inner Being Words,Affective/Emotional,word anguish.md,Complete,WA-005-anguish-data-2026-03-08 (2).json,1.0,33 terms (33 extracted). 1 part. Session A Instruction v4. MTI: extracted.,1,,,,,
6,6,anointing,Missing Inner Being Words,Spiritual/God-ward,Word_annointing.md,Complete,WA-006-anointing-data-2026-03-08.json,1.0,22 terms (22 extracted). 1 part. Session A Instruction v4. MTI: extracted.,1,,,,,
7,7,anxiety,High Confidence,,word_anxiety.md,Complete,WA-007-anxiety-data-2026-03-12.json,1.0,6 terms (6 extracted). 1 part. Session A Instruction v6. MTI: extracted.,1,,,,,
8,8,appetite,See word_confidence_split,,,In Progress,,,,1,2026-03-18T13:41:33,RUN-20260318_134133-BULK_GAP_FILL,1,87,"[{""strong"": ""H5315"", ""count"": 11}, {""strong"": ""H2416"", ""count"": 1}]"
9,9,assent,See word_confidence_split,,,In Progress,,,"COVERED — No further action required. The volitional dimension is carried by faith (#59), trust (#163), and obedience (#114). Assent as a standalone lexical entry does not exist in Hebrew or Greek — the concept is expressed through the same roots as belief and faithfulness. Source: Session-A-v9-Empty-Words-Analysis-20260318.",0,2026-03-18T13:41:33,RUN-20260318_134133-BULK_GAP_FILL,0,0,[]
10,10,awareness,See word_confidence_split,,,In Progress,,,"PARTIAL — Research required. Overlaps with conscience (#26, H3045 yada), discernment (#49), and knowledge (#100). Recommend substituting with perception — H0995 (biyn, to discern/perceive) and G1922 (epignōsis, full knowledge) yield a productive verse set that more precisely targets the awareness dimension. Source: Session-A-v9-Empty-Words-Analysis-20260318.",0,2026-03-18T13:41:33,RUN-20260318_134133-BULK_GAP_FILL,0,0,[]
11,11,awe,See word_confidence_split,,,In Progress,,,,1,2026-03-18T13:41:33,RUN-20260318_134133-BULK_GAP_FILL,6,737,"[{""strong"": ""H3372"", ""count"": 5}, {""strong"": ""H1481"", ""count"": 3}, {""strong"": ""G5401"", ""count"": 2}, {""strong"": ""H0853"", ""count"": 1}, {""strong"": ""H0834"", ""count"": 1}, {""strong"": ""H6342"", ""count"": 1}, {""strong"": ""H6206"", ""count"": 1}, {""strong"": ""H2865"", ""count"": 1}, {""strong"": ""G5399"", ""count"": 1}, {""strong"": ""G6015"", ""count"": 1}]"
12,12,betrayal,See word_confidence_split,,,In Progress,,,"REPLACED by new entry #203 (""treachery"").",0,2026-03-18T13:41:33,RUN-20260318_134133-BULK_GAP_FILL,0,0,[]
13,13,bitterness,See word_confidence_split,,,In Progress,,,,1,2026-03-18T13:41:33,RUN-20260318_134133-BULK_GAP_FILL,7,322,"[{""strong"": ""H4751"", ""count"": 12}, {""strong"": ""G4088"", ""count"": 4}, {""strong"": ""H4472"", ""count"": 1}, {""strong"": ""H4787"", ""count"": 1}, {""strong"": ""H4470"", ""count"": 1}, {""strong"": ""H7219"", ""count"": 1}, {""strong"": ""H4844"", ""count"": 1}, {""strong"": ""H0413"", ""count"": 1}]"
14,14,blamelessness,See word_confidence_split,,,In Progress,,,"COVERED — No further action required. Fully covered by innocence (#90), integrity (#92), and righteousness (#139). Hebrew H8535 (tam, blameless) is already captured under integrity. Blamelessness is a derived moral state, not a primary inner-being term. Source: Session-A-v9-Empty-Words-Analysis-20260318.",0,2026-03-18T13:41:33,RUN-20260318_134133-BULK_GAP_FILL,0,0,[]
15,15,boastfulness,See word_confidence_split,,,In Progress,,,,1,2026-03-18T13:41:33,RUN-20260318_134133-BULK_GAP_FILL,1,30,"[{""strong"": ""H3513"", ""count"": 1}]"
16,16,boldness,See word_confidence_split,,,In Progress,,,,1,2026-03-18T13:41:33,RUN-20260318_134133-BULK_GAP_FILL,2,10,"[{""strong"": ""G3954"", ""count"": 6}, {""strong"": ""G2292"", ""count"": 1}, {""strong"": ""G3955"", ""count"": 1}]"
17,17,bondage,See word_confidence_split,,,In Progress,,,,1,2026-03-18T13:41:33,RUN-20260318_134133-BULK_GAP_FILL,1,5,"[{""strong"": ""G1397"", ""count"": 1}]"
18,18,brokenness,See word_confidence_split,,,In Progress,,,,1,2026-03-18T13:41:33,RUN-20260318_134133-BULK_GAP_FILL,1,34,"[{""strong"": ""H7667"", ""count"": 1}, {""strong"": ""H0853"", ""count"": 1}]"
19,19,calling,See word_confidence_split,,,In Progress,,,,1,2026-03-18T13:41:33,RUN-20260318_134133-BULK_GAP_FILL,11,333,"[{""strong"": ""H7121"", ""count"": 12}, {""strong"": ""G2821"", ""count"": 7}, {""strong"": ""G5455"", ""count"": 6}, {""strong"": ""G4341"", ""count"": 3}, {""strong"": ""G4377"", ""count"": 2}, {""strong"": ""G2564"", ""count"": 2}, {""strong"": ""G3004"", ""count"": 2}, {""strong"": ""H0413"", ""count"": 1}, {""strong"": ""H7621"", ""count"": 1}, {""strong"": ""G1161"", ""count"": 1}, {""strong"": ""G1941"", ""count"": 1}, {""strong"": ""G2896"", ""count"": 1}]"
20,20,character,See word_confidence_split,,,In Progress,,,,1,2026-03-18T13:41:33,RUN-20260318_134133-BULK_GAP_FILL,1,5,"[{""strong"": ""G1382"", ""count"": 2}]"
21,21,commitment,See word_confidence_split,,,In Progress,,,"COVERED — No further action required. Covered by faithfulness (#60), loyalty (#104), and covenant (#34). The Hebrew concept of commitment is inseparable from chesed (loving-kindness/loyalty) and emunah (faithfulness) — both in the registry. No distinct lexical entry exists for commitment alone. Source: Session-A-v9-Empty-Words-Analysis-20260318.",0,2026-03-18T13:41:33,RUN-20260318_134133-BULK_GAP_FILL,0,0,[]
22,22,communion,See word_confidence_split,,,In Progress,,,"PARTIAL — Research required. Partially covered by fellowship (#62, G2842 koinōnia) and love (#103). Koinōnia as an inner-being state of shared participation is distinct enough to warrant its own entry within fellowship. Recommend redirecting communion to fellowship (#62) and ensuring G2842 (koinōnia, 19 occurrences) is confirmed as the primary anchor in that registry. Source: Session-A-v9-Empty-Words-Analysis-20260318.",0,2026-03-18T13:41:33,RUN-20260318_134133-BULK_GAP_FILL,0,0,[]
23,23,compassion,See word_confidence_split,,,In Progress,,,,1,2026-03-18T13:41:33,RUN-20260318_134133-BULK_GAP_FILL,7,284,"[{""strong"": ""H7355"", ""count"": 20}, {""strong"": ""H7356"", ""count"": 9}, {""strong"": ""G4697"", ""count"": 9}, {""strong"": ""H5162"", ""count"": 4}, {""strong"": ""H2550"", ""count"": 4}, {""strong"": ""G3627"", ""count"": 2}, {""strong"": ""H0854"", ""count"": 1}, {""strong"": ""H5150"", ""count"": 1}, {""strong"": ""H5164"", ""count"": 1}, {""strong"": ""G4834"", ""count"": 1}]"
24,24,condemnation,See word_confidence_split,,,In Progress,,,,1,2026-03-18T13:41:34,RUN-20260318_134133-BULK_GAP_FILL,5,28,"[{""strong"": ""G2917"", ""count"": 8}, {""strong"": ""G2631"", ""count"": 3}, {""strong"": ""H8201"", ""count"": 1}, {""strong"": ""G6048"", ""count"": 1}, {""strong"": ""G2633"", ""count"": 1}, {""strong"": ""G2920"", ""count"": 1}]"
25,25,conformity,See word_confidence_split,,,In Progress,,,"REPLACED by new entry #209 (""likeness"").",0,2026-03-18T13:41:34,RUN-20260318_134133-BULK_GAP_FILL,0,0,[]
26,26,conscience,Missing Inner Being Words,Identity/Selfhood,word_conscience.md,Complete,WA-026-conscience-data-2026-03-14.json,1.0,2 terms (2 extracted). 1 part. Session A Instruction v7. MTI: extracted.,1,,,,,
27,27,consciousness,See word_confidence_split,,,In Progress,,,,1,2026-03-18T13:41:34,RUN-20260318_134133-BULK_GAP_FILL,0,0,"[{""strong"": ""G4893"", ""count"": 1}]"
28,28,consecration,See word_confidence_split,,,In Progress,,,,1,2026-03-18T13:41:34,RUN-20260318_134133-BULK_GAP_FILL,3,390,"[{""strong"": ""H0853"", ""count"": 2}, {""strong"": ""H5145"", ""count"": 2}, {""strong"": ""H6942"", ""count"": 1}, {""strong"": ""H3588"", ""count"": 1}]"
29,29,contentment,See word_confidence_split,,,In Progress,,,,1,2026-03-18T13:41:34,RUN-20260318_134133-BULK_GAP_FILL,1,1,"[{""strong"": ""H7961"", ""count"": 1}, {""strong"": ""G0841"", ""count"": 1}]"
30,30,contrition,See word_confidence_split,,,In Progress,,,"COVERED — No further action required. Fully covered by repentance (#135), brokenness (#18), and grief (#71). Hebrew H1792 (daka, to be crushed/contrite) appears within the repentance and grief registries. No distinct lexical separation exists between contrition and brokenness in the Hebrew text. Source: Session-A-v9-Empty-Words-Analysis-20260318.",0,2026-03-18T13:41:34,RUN-20260318_134133-BULK_GAP_FILL,0,0,[]
31,31,corruption,See word_confidence_split,,,In Progress,,,,1,2026-03-18T13:41:34,RUN-20260318_134133-BULK_GAP_FILL,4,20,"[{""strong"": ""G1312"", ""count"": 6}, {""strong"": ""G5356"", ""count"": 4}, {""strong"": ""H4889"", ""count"": 1}, {""strong"": ""H7845"", ""count"": 1}]"
32,32,counsel,See word_confidence_split,,,In Progress,,,,1,2026-03-18T13:41:34,RUN-20260318_134133-BULK_GAP_FILL,14,884,"[{""strong"": ""H6098"", ""count"": 59}, {""strong"": ""H3289"", ""count"": 16}, {""strong"": ""H0853"", ""count"": 8}, {""strong"": ""G4824"", ""count"": 4}, {""strong"": ""H5475"", ""count"": 2}, {""strong"": ""G1012"", ""count"": 2}, {""strong"": ""H6310"", ""count"": 1}, {""strong"": ""H5779"", ""count"": 1}, {""strong"": ""H5921"", ""count"": 1}, {""strong"": ""H3588"", ""count"": 1}, {""strong"": ""H4427"", ""count"": 1}, {""strong"": ""H3245"", ""count"": 1}, {""strong"": ""H4156"", ""count"": 1}, {""strong"": ""H4431"", ""count"": 1}, {""strong"": ""G4823"", ""count"": 1}]"
33,33,courage,See word_confidence_split,,,In Progress,,,,1,2026-03-18T13:41:34,RUN-20260318_134133-BULK_GAP_FILL,5,222,"[{""strong"": ""H2388"", ""count"": 10}, {""strong"": ""H3820"", ""count"": 3}, {""strong"": ""H0553"", ""count"": 2}, {""strong"": ""G2292"", ""count"": 2}, {""strong"": ""H3027"", ""count"": 1}, {""strong"": ""H0853"", ""count"": 1}, {""strong"": ""H5030"", ""count"": 1}, {""strong"": ""H5315"", ""count"": 1}, {""strong"": ""G5111"", ""count"": 1}, {""strong"": ""G2293"", ""count"": 1}, {""strong"": ""G2294"", ""count"": 1}, {""strong"": ""G3954"", ""count"": 1}]"
34,34,covenant,See word_confidence_split,,,In Progress,,,,1,2026-03-18T13:41:34,RUN-20260318_134133-BULK_GAP_FILL,13,1486,"[{""strong"": ""H1285"", ""count"": 244}, {""strong"": ""H0853"", ""count"": 52}, {""strong"": ""G1242"", ""count"": 28}, {""strong"": ""H0854"", ""count"": 6}, {""strong"": ""H3772"", ""count"": 3}, {""strong"": ""H1961"", ""count"": 2}, {""strong"": ""H0637"", ""count"": 2}, {""strong"": ""H0859"", ""count"": 1}, {""strong"": ""H5973"", ""count"": 1}, {""strong"": ""H0423"", ""count"": 1}, {""strong"": ""H8033"", ""count"": 1}, {""strong"": ""H0548"", ""count"": 1}, {""strong"": ""H1697"", ""count"": 1}, {""strong"": ""H2063"", ""count"": 1}, {""strong"": ""G2537"", ""count"": 1}]"
35,35,covetousness,See word_confidence_split,,,In Progress,,,,1,2026-03-18T13:41:35,RUN-20260318_134133-BULK_GAP_FILL,1,5,"[{""strong"": ""G4124"", ""count"": 4}, {""strong"": ""G1939"", ""count"": 1}]"
36,36,cowardice,See word_confidence_split,,,In Progress,,,"PARTIAL — Research required. Covered partially by fear (#61) — G1167 (deilia, cowardice/timidity) and H4116 (mahar, to be afraid/hasty) both appear in the fear semantic field. G1167 (used distinctively in 2 Tim 1:7) is a specific inner-being quality. Recommend confirming the fear registry explicitly includes G1167 as a cowardice sub-sense rather than treating it as a peripheral term. Source: Session-A-v9-Empty-Words-Analysis-20260318.",0,2026-03-18T13:41:35,RUN-20260318_134133-BULK_GAP_FILL,0,0,[]
37,37,darkening,See word_confidence_split,,,In Progress,,,"REPLACED by new entry #207 (""blindness (spiritual)"").",0,2026-03-18T13:41:35,RUN-20260318_134133-BULK_GAP_FILL,0,0,[]
38,38,deadness,See word_confidence_split,,,In Progress,,,"REPLACED by new entry #210 (""deadness"").",0,2026-03-18T13:41:35,RUN-20260318_134133-BULK_GAP_FILL,0,0,[]
39,39,debauchery,See word_confidence_split,,,In Progress,,,,1,2026-03-18T13:41:35,RUN-20260318_134133-BULK_GAP_FILL,1,1,"[{""strong"": ""G0810"", ""count"": 3}]"
40,40,deceit,See word_confidence_split,,,In Progress,,,,1,2026-03-18T13:41:35,RUN-20260318_134133-BULK_GAP_FILL,8,430,"[{""strong"": ""H4820"", ""count"": 17}, {""strong"": ""G1388"", ""count"": 8}, {""strong"": ""H7423"", ""count"": 4}, {""strong"": ""H8649"", ""count"": 3}, {""strong"": ""H8267"", ""count"": 2}, {""strong"": ""H5921"", ""count"": 1}, {""strong"": ""G2532"", ""count"": 1}, {""strong"": ""G0539"", ""count"": 1}]"
41,41,defilement,See word_confidence_split,,,In Progress,,,,1,2026-03-18T13:41:35,RUN-20260318_134133-BULK_GAP_FILL,1,1,"[{""strong"": ""G3436"", ""count"": 1}]"
42,42,delight,See word_confidence_split,,,In Progress,,,,1,2026-03-18T13:41:35,RUN-20260318_134133-BULK_GAP_FILL,17,723,"[{""strong"": ""H2654"", ""count"": 20}, {""strong"": ""H6026"", ""count"": 7}, {""strong"": ""H2656"", ""count"": 6}, {""strong"": ""H8191"", ""count"": 6}, {""strong"": ""H7797"", ""count"": 5}, {""strong"": ""H2655"", ""count"": 5}, {""strong"": ""H7522"", ""count"": 4}, {""strong"": ""H8173"", ""count"": 3}, {""strong"": ""H2530"", ""count"": 3}, {""strong"": ""H4261"", ""count"": 3}, {""strong"": ""H3588"", ""count"": 2}, {""strong"": ""H8588"", ""count"": 2}, {""strong"": ""H7306"", ""count"": 2}, {""strong"": ""H0853"", ""count"": 2}, {""strong"": ""H8378"", ""count"": 1}, {""strong"": ""H4100"", ""count"": 1}, {""strong"": ""H7521"", ""count"": 1}, {""strong"": ""H0227"", ""count"": 1}, {""strong"": ""H1523"", ""count"": 1}, {""strong"": ""H5965"", ""count"": 1}, {""strong"": ""H1961"", ""count"": 1}, {""strong"": ""H5276"", ""count"": 1}, {""strong"": ""H4574"", ""count"": 1}, {""strong"": ""H6027"", ""count"": 1}, {""strong"": ""H2657"", ""count"": 1}, {""strong"": ""H8057"", ""count"": 1}, {""strong"": ""G4913"", ""count"": 1}]"
43,43,desire,High Confidence,,word_desire_Part1.md,Complete,"WA-043-desire-data-part1-2026-03-14.json, WA-043-desire-data-part2-2026-03-14.json",2.0,116 terms (116 extracted). 2 parts. Session A Instruction v7. MTI: extracted.,1,,,,,
44,44,despair,See word_confidence_split,,,In Progress,,,,1,2026-03-18T13:41:35,RUN-20260318_134133-BULK_GAP_FILL,6,595,"[{""strong"": ""H2976"", ""count"": 2}, {""strong"": ""H3808"", ""count"": 1}, {""strong"": ""H0539"", ""count"": 1}, {""strong"": ""H5136"", ""count"": 1}, {""strong"": ""H0589"", ""count"": 1}, {""strong"": ""H0954"", ""count"": 1}, {""strong"": ""H8077"", ""count"": 1}, {""strong"": ""G1820"", ""count"": 1}]"
45,45,determination,See word_confidence_split,,,In Progress,,,"PARTIAL — Research required. Partially covered by resolve (#137) and will (#173). The Hebrew concept of a set heart (H3559 kun) and Greek prothesis (purpose/resolve) appear in related registries. Recommend confirming resolve (#137) covers H3559 (kun, to be firm/determined; ~219 occurrences) and G4286 (prothesis, purpose/resolve; 12 occurrences). Source: Session-A-v9-Empty-Words-Analysis-20260318.",0,2026-03-18T13:41:35,RUN-20260318_134133-BULK_GAP_FILL,0,0,[]
46,46,devotion,See word_confidence_split,,,In Progress,,,,1,2026-03-18T13:41:35,RUN-20260318_134133-BULK_GAP_FILL,3,58,"[{""strong"": ""H7521"", ""count"": 1}, {""strong"": ""H2617"", ""count"": 1}, {""strong"": ""G0563"", ""count"": 1}, {""strong"": ""G0572"", ""count"": 1}]"
47,47,dignity,See word_confidence_split,,,In Progress,,,,1,2026-03-18T13:41:35,RUN-20260318_134133-BULK_GAP_FILL,3,25,"[{""strong"": ""H7613"", ""count"": 2}, {""strong"": ""G4587"", ""count"": 2}, {""strong"": ""H1363"", ""count"": 1}, {""strong"": ""H1926"", ""count"": 1}]"
48,48,diligence,See word_confidence_split,,,In Progress,,,,1,2026-03-18T13:41:35,RUN-20260318_134133-BULK_GAP_FILL,2,12,"[{""strong"": ""H0629"", ""count"": 4}, {""strong"": ""H3660"", ""count"": 1}]"
49,49,discernment,See word_confidence_split,,,In Progress,,,,1,2026-03-18T13:41:35,RUN-20260318_134133-BULK_GAP_FILL,3,6,"[{""strong"": ""H0998"", ""count"": 2}, {""strong"": ""H2940"", ""count"": 1}, {""strong"": ""H8394"", ""count"": 1}, {""strong"": ""H3808"", ""count"": 1}, {""strong"": ""G4907"", ""count"": 1}, {""strong"": ""G0144"", ""count"": 1}, {""strong"": ""G0145"", ""count"": 1}]"
50,50,disobedience,See word_confidence_split,,,In Progress,,,,1,2026-03-18T13:41:36,RUN-20260318_134133-BULK_GAP_FILL,2,9,"[{""strong"": ""G0543"", ""count"": 6}, {""strong"": ""G3876"", ""count"": 3}]"
51,51,distress,See word_confidence_split,,,Complete,"02-wa-051-distress-data-part1-patch-20260317-v1.json, 03-wa-051-distress-data-part2-patch-20260317-v1.json, 04-wa-051-distress-data-part3-patch-20260317-v1.json",,42 terms (42 extracted). 1 part. MTI: extracted.,1,,,,,
52,52,division,See word_confidence_split,,,In Progress,,,,1,2026-03-18T13:41:36,RUN-20260318_134133-BULK_GAP_FILL,9,307,"[{""strong"": ""H4256"", ""count"": 18}, {""strong"": ""H5921"", ""count"": 12}, {""strong"": ""G4978"", ""count"": 4}, {""strong"": ""G2183"", ""count"": 2}, {""strong"": ""H6304"", ""count"": 1}, {""strong"": ""H2515"", ""count"": 1}, {""strong"": ""G1267"", ""count"": 1}, {""strong"": ""G0141"", ""count"": 1}, {""strong"": ""G3311"", ""count"": 1}]"
53,53,dread,See word_confidence_split,,,In Progress,,,,1,2026-03-18T13:41:36,RUN-20260318_134133-BULK_GAP_FILL,5,406,"[{""strong"": ""H6343"", ""count"": 10}, {""strong"": ""H6206"", ""count"": 6}, {""strong"": ""H6973"", ""count"": 2}, {""strong"": ""H6342"", ""count"": 2}, {""strong"": ""H3025"", ""count"": 2}, {""strong"": ""H2844"", ""count"": 1}, {""strong"": ""H1481"", ""count"": 1}, {""strong"": ""H4172"", ""count"": 1}, {""strong"": ""H0834"", ""count"": 1}, {""strong"": ""H0853"", ""count"": 1}, {""strong"": ""H0367"", ""count"": 1}, {""strong"": ""H1672"", ""count"": 1}, {""strong"": ""H1368"", ""count"": 1}]"
54,54,emotion,See word_confidence_split,,,In Progress,,,"SPECIAL HANDLING — No further action required. ""Emotion"" is a programme-level category descriptor, not a lexical concept. Hebrew and Greek have no word for emotion as an abstraction — they name specific emotional states. Marked automation_eligible=0; used only as a category label in programme documentation. Meta-concept — not a lexical entry. Source: Session-A-v9-Empty-Words-Analysis-20260318.",0,2026-03-18T13:41:36,RUN-20260318_134133-BULK_GAP_FILL,0,0,[]
55,55,endurance,See word_confidence_split,,,In Progress,,,,1,2026-03-18T13:41:36,RUN-20260318_134133-BULK_GAP_FILL,1,18,"[{""strong"": ""G5281"", ""count"": 14}, {""strong"": ""H5331"", ""count"": 1}]"
56,56,envy,High Confidence,,word_envy.md,Complete,WA-056-envy-data-2026-03-12.json,1.0,9 terms (9 extracted). 1 part. Session A Instruction v6. MTI: extracted.,1,,,,,
57,57,evil,See word_confidence_split,,,In Progress,,,,1,2026-03-18T13:41:36,RUN-20260318_134133-BULK_GAP_FILL,31,2216,"[{""strong"": ""H7451"", ""count"": 300}, {""strong"": ""G4190"", ""count"": 60}, {""strong"": ""G2556"", ""count"": 30}, {""strong"": ""H0853"", ""count"": 16}, {""strong"": ""H7489"", ""count"": 15}, {""strong"": ""H7455"", ""count"": 10}, {""strong"": ""H0205"", ""count"": 8}, {""strong"": ""H5921"", ""count"": 4}, {""strong"": ""H2154"", ""count"": 3}, {""strong"": ""H4209"", ""count"": 3}, {""strong"": ""G5337"", ""count"": 3}, {""strong"": ""G4189"", ""count"": 3}, {""strong"": ""G2551"", ""count"": 2}, {""strong"": ""G2555"", ""count"": 2}, {""strong"": ""G0987"", ""count"": 2}, {""strong"": ""G2549"", ""count"": 2}, {""strong"": ""G2635"", ""count"": 2}, {""strong"": ""G2554"", ""count"": 2}, {""strong"": ""H4100"", ""count"": 1}, {""strong"": ""H3588"", ""count"": 1}, {""strong"": ""H0518"", ""count"": 1}, {""strong"": ""H4994"", ""count"": 1}, {""strong"": ""H0413"", ""count"": 1}, {""strong"": ""H7562"", ""count"": 1}, {""strong"": ""H2161"", ""count"": 1}, {""strong"": ""H2483"", ""count"": 1}, {""strong"": ""H1992"", ""count"": 1}, {""strong"": ""H3808"", ""count"": 1}, {""strong"": ""H1931"", ""count"": 1}, {""strong"": ""H3605"", ""count"": 1}, {""strong"": ""H4310"", ""count"": 1}, {""strong"": ""H1942"", ""count"": 1}, {""strong"": ""G4191"", ""count"": 1}, {""strong"": ""G0093"", ""count"": 1}, {""strong"": ""G2560"", ""count"": 1}, {""strong"": ""G0824"", ""count"": 1}, {""strong"": ""G0420"", ""count"": 1}, {""strong"": ""G0091"", ""count"": 1}]"
58,58,experience,See word_confidence_split,,,In Progress,,,,1,2026-03-18T13:41:36,RUN-20260318_134133-BULK_GAP_FILL,2,286,"[{""strong"": ""H7200"", ""count"": 1}, {""strong"": ""G1754"", ""count"": 1}]"
59,59,faith,See word_confidence_split,,,In Progress,,,,1,2026-03-18T13:41:36,RUN-20260318_134133-BULK_GAP_FILL,13,515,"[{""strong"": ""G4102"", ""count"": 103}, {""strong"": ""H4604"", ""count"": 11}, {""strong"": ""H4603"", ""count"": 5}, {""strong"": ""H0571"", ""count"": 4}, {""strong"": ""G3640"", ""count"": 4}, {""strong"": ""H0518"", ""count"": 3}, {""strong"": ""H0539"", ""count"": 3}, {""strong"": ""G6066"", ""count"": 2}, {""strong"": ""G4100"", ""count"": 2}, {""strong"": ""H0898"", ""count"": 1}, {""strong"": ""H4100"", ""count"": 1}, {""strong"": ""H0413"", ""count"": 1}, {""strong"": ""H0529"", ""count"": 1}, {""strong"": ""H0530"", ""count"": 1}, {""strong"": ""G1722"", ""count"": 1}, {""strong"": ""G4103"", ""count"": 1}]"
60,60,faithfulness,See word_confidence_split,,,In Progress,,,,1,2026-03-18T13:41:37,RUN-20260318_134133-BULK_GAP_FILL,6,1001,"[{""strong"": ""H0571"", ""count"": 44}, {""strong"": ""H0530"", ""count"": 27}, {""strong"": ""G4102"", ""count"": 3}, {""strong"": ""H0413"", ""count"": 2}, {""strong"": ""H0529"", ""count"": 1}, {""strong"": ""H0853"", ""count"": 1}, {""strong"": ""H0637"", ""count"": 1}, {""strong"": ""H5921"", ""count"": 1}, {""strong"": ""H2617"", ""count"": 1}, {""strong"": ""H3588"", ""count"": 1}, {""strong"": ""H5414"", ""count"": 1}]"
61,61,fear,High Confidence,,word_fear.md,Complete,"WA-061-fear-data-part1-2026-03-11.json, WA-061-fear-data-part2-2026-03-11.json, WA-061-fear-data-part3-2026-03-11.json",3.0,165 terms (147 extracted). 18 excluded. 3 parts. Session A Instruction v6. MTI: extracted.,1,,,,,
62,62,fellowship,See word_confidence_split,,,In Progress,,,,1,2026-03-18T13:41:37,RUN-20260318_134133-BULK_GAP_FILL,1,9,"[{""strong"": ""G2842"", ""count"": 9}]"
63,63,foolishness,See word_confidence_split,,,In Progress,,,,1,2026-03-18T13:41:37,RUN-20260318_134133-BULK_GAP_FILL,5,32,"[{""strong"": ""H5531"", ""count"": 2}, {""strong"": ""G0877"", ""count"": 2}, {""strong"": ""H5528"", ""count"": 1}, {""strong"": ""H0200"", ""count"": 1}, {""strong"": ""G3474"", ""count"": 1}]"
64,64,forgiveness,See word_confidence_split,,,In Progress,,,,1,2026-03-18T13:41:37,RUN-20260318_134133-BULK_GAP_FILL,2,6,"[{""strong"": ""G0859"", ""count"": 15}, {""strong"": ""H5547"", ""count"": 2}]"
65,65,generosity,See word_confidence_split,,,In Progress,,,,1,2026-03-18T13:41:37,RUN-20260318_134133-BULK_GAP_FILL,1,31,"[{""strong"": ""G0572"", ""count"": 3}, {""strong"": ""H3027"", ""count"": 1}, {""strong"": ""G0018"", ""count"": 1}]"
66,66,gentleness,See word_confidence_split,,,In Progress,,,,1,2026-03-18T13:41:37,RUN-20260318_134133-BULK_GAP_FILL,2,7,"[{""strong"": ""G4236"", ""count"": 5}, {""strong"": ""H6038"", ""count"": 1}, {""strong"": ""H6037"", ""count"": 1}, {""strong"": ""G1932"", ""count"": 1}, {""strong"": ""G4239"", ""count"": 1}, {""strong"": ""G4240"", ""count"": 1}]"
67,67,goodness,See word_confidence_split,,,In Progress,,,,1,2026-03-18T13:41:37,RUN-20260318_134133-BULK_GAP_FILL,5,421,"[{""strong"": ""H2898"", ""count"": 13}, {""strong"": ""H2896"", ""count"": 4}, {""strong"": ""G0019"", ""count"": 2}, {""strong"": ""H5921"", ""count"": 1}, {""strong"": ""H0413"", ""count"": 1}, {""strong"": ""H0853"", ""count"": 1}, {""strong"": ""G5544"", ""count"": 1}, {""strong"": ""G0018"", ""count"": 1}, {""strong"": ""G2570"", ""count"": 1}]"
68,68,grace,See word_confidence_split,,,In Progress,,,,1,2026-03-18T13:41:37,RUN-20260318_134133-BULK_GAP_FILL,3,87,"[{""strong"": ""G5485"", ""count"": 80}, {""strong"": ""H2580"", ""count"": 6}, {""strong"": ""H8469"", ""count"": 1}, {""strong"": ""G2532"", ""count"": 1}]"
69,69,gratitude,See word_confidence_split,,,In Progress,,,,1,2026-03-18T13:41:37,RUN-20260318_134133-BULK_GAP_FILL,1,9,"[{""strong"": ""G2169"", ""count"": 1}]"
70,70,greed,See word_confidence_split,,,In Progress,,,,1,2026-03-18T13:41:37,RUN-20260318_134133-BULK_GAP_FILL,2,5,"[{""strong"": ""G4124"", ""count"": 3}, {""strong"": ""H5315"", ""count"": 2}, {""strong"": ""G0724"", ""count"": 2}, {""strong"": ""G4123"", ""count"": 1}]"
71,71,grief,High Confidence,,word grief.md,Complete,"WA-071-grief-data-part1-2026-03-08-updated.json, WA-071-grief-data-part2-2026-03-08-updated.json, WA-071-grief-data-part3-2026-03-08-updated.json",3.0,60 terms (60 extracted). 3 parts. Session A Instruction v5. MTI: extracted.,1,,,,,
72,72,groaning,See word_confidence_split,,,In Progress,,,,1,2026-03-18T13:41:37,RUN-20260318_134133-BULK_GAP_FILL,7,15,"[{""strong"": ""H5009"", ""count"": 3}, {""strong"": ""H0585"", ""count"": 3}, {""strong"": ""H0853"", ""count"": 2}, {""strong"": ""H7581"", ""count"": 2}, {""strong"": ""H1901"", ""count"": 1}, {""strong"": ""H0584"", ""count"": 1}, {""strong"": ""H0603"", ""count"": 1}, {""strong"": ""G4726"", ""count"": 1}, {""strong"": ""G4959"", ""count"": 1}, {""strong"": ""G2532"", ""count"": 1}, {""strong"": ""G4727"", ""count"": 1}]"
73,73,guilt,High Confidence,,word_guilt.md,Complete,WA-073-guilt-data-2026-03-08.json,1.0,16 terms (16 extracted). 1 part. Session A Instruction v5. MTI: extracted.,1,,,,,
74,74,hardness,See word_confidence_split,,,In Progress,,,,1,2026-03-18T13:41:38,RUN-20260318_134133-BULK_GAP_FILL,1,2,"[{""strong"": ""G4457"", ""count"": 2}, {""strong"": ""H5797"", ""count"": 1}, {""strong"": ""G4641"", ""count"": 1}]"
75,75,hatred,See word_confidence_split,,,In Progress,,,,1,2026-03-18T13:41:38,RUN-20260318_134133-BULK_GAP_FILL,2,3,"[{""strong"": ""H8135"", ""count"": 11}, {""strong"": ""H4895"", ""count"": 2}, {""strong"": ""H7520"", ""count"": 1}, {""strong"": ""H8130"", ""count"": 1}]"
76,76,holiness,See word_confidence_split,,,In Progress,,,,1,2026-03-18T13:41:38,RUN-20260318_134133-BULK_GAP_FILL,9,274,"[{""strong"": ""H6944"", ""count"": 10}, {""strong"": ""H6942"", ""count"": 10}, {""strong"": ""G0038"", ""count"": 4}, {""strong"": ""G0042"", ""count"": 3}, {""strong"": ""G3742"", ""count"": 2}, {""strong"": ""H6918"", ""count"": 1}, {""strong"": ""H0853"", ""count"": 1}, {""strong"": ""G0039"", ""count"": 1}, {""strong"": ""G0041"", ""count"": 1}, {""strong"": ""G0040"", ""count"": 1}]"
77,77,honesty,See word_confidence_split,,,In Progress,,,,1,2026-03-18T13:41:38,RUN-20260318_134133-BULK_GAP_FILL,1,56,"[{""strong"": ""H6666"", ""count"": 1}]"
78,78,hope,High Confidence,,word_hope_Part1.md,Complete,"WA-078-hope-data-part1-2026-03-13.json, WA-078-hope-data-part2-2026-03-13.json",2.0,46 terms (46 extracted). 2 parts. Session A Instruction v7. MTI: extracted.,1,,,,,
79,79,hopelessness,See word_confidence_split,,,In Progress,,,"COVERED — No further action required. Fully covered by the antonym range within hope (#78) — H3615 (kalah, to fail/cease), H2976 (ya'ash, to despair), and G1679 (elpizō in negative contexts). The registry already includes the despair/hopelessness semantic range. Source: Session-A-v9-Empty-Words-Analysis-20260318.",0,2026-03-18T13:41:38,RUN-20260318_134133-BULK_GAP_FILL,0,0,[]
80,80,humility,High Confidence,,word humility.md,Complete,WA-080-humility-data-2026-03-08.json,1.0,9 terms (9 extracted). 1 part. Session A Instruction v5. MTI: extracted.,1,,,,,
81,81,hypocrisy,See word_confidence_split,,,In Progress,,,,1,2026-03-18T13:41:38,RUN-20260318_134133-BULK_GAP_FILL,1,1,"[{""strong"": ""G5272"", ""count"": 5}]"
82,82,identity,See word_confidence_split,,,In Progress,,,"REPLACED by new entry #204 (""name"").",0,2026-03-18T13:41:38,RUN-20260318_134133-BULK_GAP_FILL,0,0,[]
83,83,idolatry,See word_confidence_split,,,In Progress,,,,1,2026-03-18T13:41:38,RUN-20260318_134133-BULK_GAP_FILL,3,14,"[{""strong"": ""G1495"", ""count"": 4}, {""strong"": ""H8655"", ""count"": 1}, {""strong"": ""H1544"", ""count"": 1}]"
84,84,image of God,See word_confidence_split,,,In Progress,,,"REPLACED by new entry #201 (""image"").",0,2026-03-18T13:41:38,RUN-20260318_134133-BULK_GAP_FILL,0,0,[]
85,85,imagination,See word_confidence_split,,,In Progress,,,,1,2026-03-18T13:41:38,RUN-20260318_134133-BULK_GAP_FILL,2,3,"[{""strong"": ""H4906"", ""count"": 1}, {""strong"": ""G1761"", ""count"": 1}]"
86,86,impurity,See word_confidence_split,,,In Progress,,,,1,2026-03-18T13:41:38,RUN-20260318_134133-BULK_GAP_FILL,3,84,"[{""strong"": ""H5079"", ""count"": 14}, {""strong"": ""G0167"", ""count"": 9}, {""strong"": ""H1931"", ""count"": 1}, {""strong"": ""H2931"", ""count"": 1}]"
87,87,indignation,See word_confidence_split,,,In Progress,,,,1,2026-03-18T13:41:38,RUN-20260318_134133-BULK_GAP_FILL,5,350,"[{""strong"": ""H2195"", ""count"": 15}, {""strong"": ""H3708"", ""count"": 1}, {""strong"": ""H2152"", ""count"": 1}, {""strong"": ""H2194"", ""count"": 1}, {""strong"": ""H3588"", ""count"": 1}, {""strong"": ""H7110"", ""count"": 1}, {""strong"": ""H2197"", ""count"": 1}, {""strong"": ""H5678"", ""count"": 1}, {""strong"": ""G0024"", ""count"": 1}]"
88,88,ingratitude,See word_confidence_split,,,In Progress,,,COVERED — No further action required. Covered by the negative dimension within gratitude (#69). Hebrew and Greek have no distinct word for ingratitude — it is expressed as the absence of praise/thanksgiving (H3034 yadah; G2168 eucharisteō). The existing gratitude entry covers both poles. Source: Session-A-v9-Empty-Words-Analysis-20260318.,0,2026-03-18T13:41:38,RUN-20260318_134133-BULK_GAP_FILL,0,0,[]
89,89,iniquity,See word_confidence_split,,,In Progress,,,,1,2026-03-18T13:41:38,RUN-20260318_134133-BULK_GAP_FILL,11,1770,"[{""strong"": ""H5771"", ""count"": 127}, {""strong"": ""H0205"", ""count"": 25}, {""strong"": ""H0853"", ""count"": 20}, {""strong"": ""H1931"", ""count"": 5}, {""strong"": ""H5766"", ""count"": 5}, {""strong"": ""H5753"", ""count"": 3}, {""strong"": ""H5921"", ""count"": 3}, {""strong"": ""H0518"", ""count"": 2}, {""strong"": ""G0093"", ""count"": 2}, {""strong"": ""H4480"", ""count"": 1}, {""strong"": ""H0834"", ""count"": 1}, {""strong"": ""H3588"", ""count"": 1}, {""strong"": ""H1961"", ""count"": 1}, {""strong"": ""H6041"", ""count"": 1}, {""strong"": ""H0413"", ""count"": 1}, {""strong"": ""H7562"", ""count"": 1}, {""strong"": ""H5869"", ""count"": 1}]"
90,90,innocence,See word_confidence_split,,,In Progress,,,,1,2026-03-18T13:41:38,RUN-20260318_134133-BULK_GAP_FILL,4,224,"[{""strong"": ""H5356"", ""count"": 4}, {""strong"": ""H3682"", ""count"": 1}, {""strong"": ""H2009"", ""count"": 1}, {""strong"": ""H8537"", ""count"": 1}]"
91,91,insight,See word_confidence_split,,,In Progress,,,,1,2026-03-18T13:41:38,RUN-20260318_134133-BULK_GAP_FILL,2,106,"[{""strong"": ""H0998"", ""count"": 9}, {""strong"": ""H7919"", ""count"": 3}, {""strong"": ""H0995"", ""count"": 1}, {""strong"": ""G5428"", ""count"": 1}, {""strong"": ""G4907"", ""count"": 1}]"
92,92,integrity,See word_confidence_split,,,In Progress,,,,1,2026-03-18T13:41:39,RUN-20260318_134133-BULK_GAP_FILL,4,381,"[{""strong"": ""H8537"", ""count"": 15}, {""strong"": ""H8538"", ""count"": 5}, {""strong"": ""H8549"", ""count"": 4}, {""strong"": ""H1931"", ""count"": 1}, {""strong"": ""H3588"", ""count"": 1}, {""strong"": ""G0861"", ""count"": 1}]"
93,93,intention,See word_confidence_split,,,In Progress,,,,1,2026-03-18T13:41:39,RUN-20260318_134133-BULK_GAP_FILL,1,5,"[{""strong"": ""H3336"", ""count"": 2}]"
94,94,intercession,See word_confidence_split,,,In Progress,,,,1,2026-03-18T13:41:39,RUN-20260318_134133-BULK_GAP_FILL,2,23,"[{""strong"": ""H6293"", ""count"": 1}, {""strong"": ""G1793"", ""count"": 1}]"
95,95,intuition,See word_confidence_split,,,In Progress,,,"COVERED — No further action required. Covered by discernment (#49), wisdom (#174), and insight (#91). ""Intuition"" is a modern psychological category without a Hebrew or Greek lexical equivalent. The inner knowing described in Scripture is accessed through the wisdom/discernment/understanding cluster already in the registry. Source: Session-A-v9-Empty-Words-Analysis-20260318.",0,2026-03-18T13:41:39,RUN-20260318_134133-BULK_GAP_FILL,0,0,[]
96,96,jealousy,See word_confidence_split,,,In Progress,,,,1,2026-03-18T13:41:39,RUN-20260318_134133-BULK_GAP_FILL,1,4,"[{""strong"": ""H7068"", ""count"": 27}, {""strong"": ""G2205"", ""count"": 9}, {""strong"": ""H7065"", ""count"": 4}, {""strong"": ""H0853"", ""count"": 1}, {""strong"": ""G3863"", ""count"": 1}]"
97,97,joy,See word_confidence_split,,,Complete,"02-wa-097-joy-data-part1-patch-20260317-v1.json, 03-wa-097-joy-data-part2-patch-20260317-v1.json, 04-wa-097-joy-data-part3-patch-20260317-v1.json",,28 terms (25 extracted). 3 excluded. 1 part. MTI: extracted.,1,,,,,
98,98,justice,See word_confidence_split,,,In Progress,,,,1,2026-03-18T13:41:39,RUN-20260318_134133-BULK_GAP_FILL,12,592,"[{""strong"": ""H4941"", ""count"": 110}, {""strong"": ""G2920"", ""count"": 5}, {""strong"": ""H8199"", ""count"": 4}, {""strong"": ""H6666"", ""count"": 3}, {""strong"": ""H6664"", ""count"": 2}, {""strong"": ""H1779"", ""count"": 2}, {""strong"": ""G1556"", ""count"": 2}, {""strong"": ""G1557"", ""count"": 2}, {""strong"": ""H5186"", ""count"": 1}, {""strong"": ""H6663"", ""count"": 1}, {""strong"": ""H2009"", ""count"": 1}, {""strong"": ""H0518"", ""count"": 1}, {""strong"": ""H6415"", ""count"": 1}, {""strong"": ""H0853"", ""count"": 1}, {""strong"": ""G1349"", ""count"": 1}, {""strong"": ""G1343"", ""count"": 1}]"
99,99,kindness,See word_confidence_split,,,In Progress,,,,1,2026-03-18T13:41:39,RUN-20260318_134133-BULK_GAP_FILL,7,695,"[{""strong"": ""H2617"", ""count"": 17}, {""strong"": ""G5544"", ""count"": 8}, {""strong"": ""H5973"", ""count"": 3}, {""strong"": ""G5363"", ""count"": 2}, {""strong"": ""H2088"", ""count"": 1}, {""strong"": ""H5978"", ""count"": 1}, {""strong"": ""H0120"", ""count"": 1}, {""strong"": ""H7356"", ""count"": 1}, {""strong"": ""G1932"", ""count"": 1}, {""strong"": ""G5543"", ""count"": 1}, {""strong"": ""G1722"", ""count"": 1}]"
100,100,knowledge,See word_confidence_split,,,In Progress,,,,1,2026-03-18T13:41:39,RUN-20260318_134133-BULK_GAP_FILL,12,723,"[{""strong"": ""H1847"", ""count"": 81}, {""strong"": ""G1108"", ""count"": 27}, {""strong"": ""G1922"", ""count"": 19}, {""strong"": ""H3045"", ""count"": 15}, {""strong"": ""H1844"", ""count"": 6}, {""strong"": ""H4093"", ""count"": 3}, {""strong"": ""H1843"", ""count"": 2}, {""strong"": ""H4486"", ""count"": 2}, {""strong"": ""G6063"", ""count"": 2}, {""strong"": ""H5869"", ""count"": 1}, {""strong"": ""H8454"", ""count"": 1}, {""strong"": ""H0853"", ""count"": 1}, {""strong"": ""H0859"", ""count"": 1}, {""strong"": ""G4894"", ""count"": 1}, {""strong"": ""G0056"", ""count"": 1}, {""strong"": ""G1722"", ""count"": 1}]"
101,101,laziness,See word_confidence_split,,,In Progress,,,"REPLACED by new entry #208 (""sloth"").",0,2026-03-18T13:41:40,RUN-20260318_134133-BULK_GAP_FILL,0,0,[]
102,102,longing,See word_confidence_split,,,In Progress,,,,1,2026-03-18T13:41:40,RUN-20260318_134133-BULK_GAP_FILL,4,6,"[{""strong"": ""G1971"", ""count"": 2}, {""strong"": ""G1972"", ""count"": 2}, {""strong"": ""H3616"", ""count"": 1}, {""strong"": ""H8378"", ""count"": 1}, {""strong"": ""H8264"", ""count"": 1}, {""strong"": ""H8375"", ""count"": 1}, {""strong"": ""G1937"", ""count"": 1}, {""strong"": ""G0603"", ""count"": 1}]"
103,103,love,High Confidence,,word_love_Part1.md,Complete,WA-103-love-data-part1/2/3-2026-03-15.json,3.0,123 terms (120 extracted). 3 excluded. 3 parts. Session A Instruction v7. MTI: extracted.,1,,,,,
104,104,loyalty,See word_confidence_split,,,In Progress,,,,1,2026-03-18T13:41:40,RUN-20260318_134133-BULK_GAP_FILL,1,49,"[{""strong"": ""H2617"", ""count"": 2}]"
105,105,lust,See word_confidence_split,,,In Progress,,,,1,2026-03-18T13:41:40,RUN-20260318_134133-BULK_GAP_FILL,4,40,"[{""strong"": ""H8457"", ""count"": 2}, {""strong"": ""G1939"", ""count"": 2}, {""strong"": ""H7518"", ""count"": 1}, {""strong"": ""H1942"", ""count"": 1}, {""strong"": ""H2552"", ""count"": 1}, {""strong"": ""H8385"", ""count"": 1}, {""strong"": ""H5178"", ""count"": 1}, {""strong"": ""H5691"", ""count"": 1}, {""strong"": ""H0853"", ""count"": 1}, {""strong"": ""G4561"", ""count"": 1}]"
106,106,manipulation,See word_confidence_split,,,In Progress,,,"PARTIAL — Research required. Partially covered by deceit (#40). The specific inner orientation of manipulating others — G3834 (panourgia, craftiness; 5 occurrences) and H6195 (ormah, shrewdness/cunning) — is present in deceit-adjacent registries but not given its own space. Recommend confirming deceit covers H4820 (mirmah, deceit; 39 occurrences) and G1388 (dolos, guile/treachery; 11 occurrences). Source: Session-A-v9-Empty-Words-Analysis-20260318.",0,2026-03-18T13:41:40,RUN-20260318_134133-BULK_GAP_FILL,0,0,[]
107,107,meaning,See word_confidence_split,,,In Progress,,,,1,2026-03-18T13:41:40,RUN-20260318_134133-BULK_GAP_FILL,2,3,"[{""strong"": ""H4100"", ""count"": 1}, {""strong"": ""G3177"", ""count"": 1}, {""strong"": ""G0880"", ""count"": 1}, {""strong"": ""G1411"", ""count"": 1}]"
108,108,meditation,See word_confidence_split,,,In Progress,,,,1,2026-03-18T13:41:40,RUN-20260318_134133-BULK_GAP_FILL,5,303,"[{""strong"": ""H7881"", ""count"": 3}, {""strong"": ""H1902"", ""count"": 1}, {""strong"": ""H1900"", ""count"": 1}, {""strong"": ""H7879"", ""count"": 1}, {""strong"": ""H5921"", ""count"": 1}]"
109,109,meekness,See word_confidence_split,,,In Progress,,,,1,2026-03-18T13:41:40,RUN-20260318_134133-BULK_GAP_FILL,0,0,"[{""strong"": ""G4236"", ""count"": 2}, {""strong"": ""G4240"", ""count"": 2}, {""strong"": ""H6037"", ""count"": 1}]"
110,110,memory,See word_confidence_split,,,In Progress,,,,1,2026-03-18T13:41:40,RUN-20260318_134133-BULK_GAP_FILL,2,6,"[{""strong"": ""H2143"", ""count"": 9}, {""strong"": ""H0853"", ""count"": 2}, {""strong"": ""G3422"", ""count"": 2}]"
111,111,mercy,See word_confidence_split,,,In Progress,,,,1,2026-03-18T13:41:40,RUN-20260318_134133-BULK_GAP_FILL,18,1148,"[{""strong"": ""G1653"", ""count"": 31}, {""strong"": ""H3727"", ""count"": 27}, {""strong"": ""G1656"", ""count"": 27}, {""strong"": ""H7355"", ""count"": 22}, {""strong"": ""H7356"", ""count"": 21}, {""strong"": ""H0853"", ""count"": 11}, {""strong"": ""H2603"", ""count"": 11}, {""strong"": ""H8469"", ""count"": 8}, {""strong"": ""H8467"", ""count"": 5}, {""strong"": ""H0413"", ""count"": 2}, {""strong"": ""H2617"", ""count"": 2}, {""strong"": ""H3819"", ""count"": 2}, {""strong"": ""H2088"", ""count"": 1}, {""strong"": ""H4480"", ""count"": 1}, {""strong"": ""H5921"", ""count"": 1}, {""strong"": ""H3808"", ""count"": 1}, {""strong"": ""H1961"", ""count"": 1}, {""strong"": ""H6279"", ""count"": 1}, {""strong"": ""H2550"", ""count"": 1}, {""strong"": ""H7359"", ""count"": 1}, {""strong"": ""H2604"", ""count"": 1}, {""strong"": ""H5750"", ""count"": 1}, {""strong"": ""H0834"", ""count"": 1}, {""strong"": ""G2435"", ""count"": 1}, {""strong"": ""G3628"", ""count"": 1}, {""strong"": ""G0448"", ""count"": 1}]"
112,112,mind,See word_confidence_split,,,In Progress,,,,1,2026-03-18T13:41:40,RUN-20260318_134133-BULK_GAP_FILL,22,1450,"[{""strong"": ""H3820"", ""count"": 24}, {""strong"": ""G3563"", ""count"": 18}, {""strong"": ""H3824"", ""count"": 11}, {""strong"": ""H5921"", ""count"": 6}, {""strong"": ""G1271"", ""count"": 6}, {""strong"": ""H3825"", ""count"": 5}, {""strong"": ""G5426"", ""count"": 5}, {""strong"": ""H1961"", ""count"": 4}, {""strong"": ""G5427"", ""count"": 4}, {""strong"": ""H5973"", ""count"": 3}, {""strong"": ""H7307"", ""count"": 3}, {""strong"": ""G3338"", ""count"": 3}, {""strong"": ""G4993"", ""count"": 3}, {""strong"": ""G3105"", ""count"": 3}, {""strong"": ""H5162"", ""count"": 2}, {""strong"": ""H5315"", ""count"": 2}, {""strong"": ""H3629"", ""count"": 2}, {""strong"": ""G1106"", ""count"": 2}, {""strong"": ""H6440"", ""count"": 1}, {""strong"": ""H5048"", ""count"": 1}, {""strong"": ""H0834"", ""count"": 1}, {""strong"": ""H0853"", ""count"": 1}, {""strong"": ""H7907"", ""count"": 1}, {""strong"": ""H7130"", ""count"": 1}, {""strong"": ""H3336"", ""count"": 1}, {""strong"": ""H1079"", ""count"": 1}, {""strong"": ""G1839"", ""count"": 1}, {""strong"": ""G3130"", ""count"": 1}, {""strong"": ""G5590"", ""count"": 1}, {""strong"": ""G4238"", ""count"": 1}, {""strong"": ""G3675"", ""count"": 1}, {""strong"": ""G5391"", ""count"": 1}, {""strong"": ""G3510"", ""count"": 1}]"
113,113,mourning,See word_confidence_split,,,In Progress,,,,1,2026-03-18T13:41:41,RUN-20260318_134133-BULK_GAP_FILL,10,51,"[{""strong"": ""H0060"", ""count"": 23}, {""strong"": ""H4553"", ""count"": 6}, {""strong"": ""H0056"", ""count"": 5}, {""strong"": ""G3997"", ""count"": 5}, {""strong"": ""H0057"", ""count"": 3}, {""strong"": ""H6937"", ""count"": 3}, {""strong"": ""G2875"", ""count"": 2}, {""strong"": ""H0853"", ""count"": 1}, {""strong"": ""H0205"", ""count"": 1}, {""strong"": ""H1931"", ""count"": 1}, {""strong"": ""H6969"", ""count"": 1}, {""strong"": ""H4798"", ""count"": 1}, {""strong"": ""H8386"", ""count"": 1}, {""strong"": ""H1899"", ""count"": 1}, {""strong"": ""H6941"", ""count"": 1}, {""strong"": ""G2799"", ""count"": 1}, {""strong"": ""G3602"", ""count"": 1}, {""strong"": ""G3996"", ""count"": 1}]"
114,114,obedience,See word_confidence_split,,,In Progress,,,,1,2026-03-18T13:41:41,RUN-20260318_134133-BULK_GAP_FILL,2,11,"[{""strong"": ""G5218"", ""count"": 12}, {""strong"": ""H3349"", ""count"": 1}]"
115,115,passion,See word_confidence_split,,,In Progress,,,,1,2026-03-18T13:41:41,RUN-20260318_134133-BULK_GAP_FILL,2,3,"[{""strong"": ""G3806"", ""count"": 2}, {""strong"": ""G2372"", ""count"": 2}, {""strong"": ""G3715"", ""count"": 1}, {""strong"": ""G3394"", ""count"": 1}]"
116,116,patience,High Confidence,,word_patient.md,Complete,WA-116-patience-data-2026-03-09.json,1.0,12 terms (12 extracted). 1 part. Session A Instruction v4. MTI: extracted.,1,,,,,
117,117,peace,See word_confidence_split,,,Complete,WA-117-peace-data-part1/2/3-20260317.json,,34 terms (26 extracted). 8 theological anchors. 1 part. MTI: extracted.,1,2026-03-18T17:28:36,RUN-20260318_172829-AUDIT_WORD,34,1296,
118,118,personality,See word_confidence_split,,,In Progress,,,"COVERED — No further action required. Covered by the anthropological core — soul (#182), heart (#183), spirit (#184), and conscience (#26). ""Personality"" is a modern psychological construct with no single lexical equivalent in Scripture. The totality of inner being expressed through these four entries encompasses what personality means in the biblical framework. Source: Session-A-v9-Empty-Words-Analysis-20260318.",0,2026-03-18T13:41:41,RUN-20260318_134133-BULK_GAP_FILL,0,0,[]
119,119,personhood,See word_confidence_split,,,In Progress,,,"REPLACED by new entry #211 (""being"").",0,2026-03-18T13:41:41,RUN-20260318_134133-BULK_GAP_FILL,0,0,[]
120,120,perverseness,See word_confidence_split,,,In Progress,,,,1,2026-03-18T13:41:41,RUN-20260318_134133-BULK_GAP_FILL,3,12,"[{""strong"": ""H8419"", ""count"": 1}, {""strong"": ""H5558"", ""count"": 1}, {""strong"": ""H3868"", ""count"": 1}]"
121,121,praise,See word_confidence_split,,,In Progress,,,,1,2026-03-18T13:41:41,RUN-20260318_134133-BULK_GAP_FILL,28,924,"[{""strong"": ""H8416"", ""count"": 40}, {""strong"": ""H1984"", ""count"": 36}, {""strong"": ""H3034"", ""count"": 22}, {""strong"": ""G1868"", ""count"": 8}, {""strong"": ""H2167"", ""count"": 3}, {""strong"": ""G0134"", ""count"": 3}, {""strong"": ""H2158"", ""count"": 2}, {""strong"": ""H7624"", ""count"": 2}, {""strong"": ""G0136"", ""count"": 2}, {""strong"": ""G5567"", ""count"": 2}, {""strong"": ""H0859"", ""count"": 1}, {""strong"": ""H5115"", ""count"": 1}, {""strong"": ""H1974"", ""count"": 1}, {""strong"": ""H8426"", ""count"": 1}, {""strong"": ""H0587"", ""count"": 1}, {""strong"": ""H0259"", ""count"": 1}, {""strong"": ""H8462"", ""count"": 1}, {""strong"": ""H0854"", ""count"": 1}, {""strong"": ""H3651"", ""count"": 1}, {""strong"": ""H7623"", ""count"": 1}, {""strong"": ""H7318"", ""count"": 1}, {""strong"": ""H7442"", ""count"": 1}, {""strong"": ""H4110"", ""count"": 1}, {""strong"": ""H3588"", ""count"": 1}, {""strong"": ""G1391"", ""count"": 1}, {""strong"": ""G1843"", ""count"": 1}, {""strong"": ""G2162"", ""count"": 1}, {""strong"": ""G5214"", ""count"": 1}, {""strong"": ""G0133"", ""count"": 1}]"
122,122,prayer,See word_confidence_split,,,In Progress,,,,1,2026-03-18T13:41:42,RUN-20260318_134133-BULK_GAP_FILL,12,963,"[{""strong"": ""H8605"", ""count"": 72}, {""strong"": ""G4335"", ""count"": 19}, {""strong"": ""H0853"", ""count"": 12}, {""strong"": ""G1162"", ""count"": 8}, {""strong"": ""H0413"", ""count"": 5}, {""strong"": ""H6419"", ""count"": 3}, {""strong"": ""G4336"", ""count"": 3}, {""strong"": ""H6279"", ""count"": 2}, {""strong"": ""H1931"", ""count"": 1}, {""strong"": ""H3605"", ""count"": 1}, {""strong"": ""H1697"", ""count"": 1}, {""strong"": ""H0834"", ""count"": 1}, {""strong"": ""H6440"", ""count"": 1}, {""strong"": ""H5973"", ""count"": 1}, {""strong"": ""H3908"", ""count"": 1}, {""strong"": ""G1783"", ""count"": 1}, {""strong"": ""G2171"", ""count"": 1}]"
123,123,pride,High Confidence,,word pride.md,Complete,WA-123-pride-data-2026-03-09.json,1.0,26 terms (26 extracted). 1 part. Session A Instruction v5. MTI: extracted.,1,,,,,
124,124,prophecy,See word_confidence_split,,,In Progress,,,,1,2026-03-18T13:41:42,RUN-20260318_134133-BULK_GAP_FILL,2,14,"[{""strong"": ""G4394"", ""count"": 14}, {""strong"": ""H5016"", ""count"": 3}]"
125,125,purity,See word_confidence_split,,,In Progress,,,,1,2026-03-18T13:41:42,RUN-20260318_134133-BULK_GAP_FILL,3,38,"[{""strong"": ""G0047"", ""count"": 2}, {""strong"": ""H2889"", ""count"": 1}, {""strong"": ""G1722"", ""count"": 1}, {""strong"": ""G0054"", ""count"": 1}]"
126,126,purpose,See word_confidence_split,,,In Progress,,,,1,2026-03-18T13:41:42,RUN-20260318_134133-BULK_GAP_FILL,21,1131,"[{""strong"": ""G4286"", ""count"": 6}, {""strong"": ""H6098"", ""count"": 5}, {""strong"": ""H2656"", ""count"": 3}, {""strong"": ""G1012"", ""count"": 3}, {""strong"": ""H1697"", ""count"": 2}, {""strong"": ""H4209"", ""count"": 2}, {""strong"": ""G0846"", ""count"": 2}, {""strong"": ""G2107"", ""count"": 2}, {""strong"": ""H5668"", ""count"": 1}, {""strong"": ""H7451"", ""count"": 1}, {""strong"": ""H3588"", ""count"": 1}, {""strong"": ""H4399"", ""count"": 1}, {""strong"": ""H3820"", ""count"": 1}, {""strong"": ""H4616"", ""count"": 1}, {""strong"": ""H1584"", ""count"": 1}, {""strong"": ""H2154"", ""count"": 1}, {""strong"": ""H4617"", ""count"": 1}, {""strong"": ""H4639"", ""count"": 1}, {""strong"": ""H2654"", ""count"": 1}, {""strong"": ""H4284"", ""count"": 1}, {""strong"": ""G1223"", ""count"": 1}, {""strong"": ""G2588"", ""count"": 1}, {""strong"": ""G1432"", ""count"": 1}, {""strong"": ""G2573"", ""count"": 1}, {""strong"": ""G2570"", ""count"": 1}, {""strong"": ""G3778"", ""count"": 1}, {""strong"": ""G2761"", ""count"": 1}, {""strong"": ""G5056"", ""count"": 1}, {""strong"": ""G1106"", ""count"": 1}]"
127,127,reasoning,See word_confidence_split,,,In Progress,,,,1,2026-03-18T13:41:42,RUN-20260318_134133-BULK_GAP_FILL,2,5,"[{""strong"": ""G1256"", ""count"": 2}, {""strong"": ""G1261"", ""count"": 1}]"
128,128,rebellion,See word_confidence_split,,,In Progress,,,,1,2026-03-18T13:41:42,RUN-20260318_134133-BULK_GAP_FILL,11,361,"[{""strong"": ""H5627"", ""count"": 3}, {""strong"": ""H6586"", ""count"": 3}, {""strong"": ""H4805"", ""count"": 2}, {""strong"": ""G3894"", ""count"": 2}, {""strong"": ""H4775"", ""count"": 1}, {""strong"": ""H4777"", ""count"": 1}, {""strong"": ""H4776"", ""count"": 1}, {""strong"": ""H6588"", ""count"": 1}, {""strong"": ""H0834"", ""count"": 1}, {""strong"": ""G0646"", ""count"": 1}, {""strong"": ""G0485"", ""count"": 1}]"
129,129,recognition,See word_confidence_split,,,In Progress,,,,1,2026-03-18T13:41:42,RUN-20260318_134133-BULK_GAP_FILL,1,9,"[{""strong"": ""G1921"", ""count"": 1}]"
130,130,reconciliation,See word_confidence_split,,,In Progress,,,,1,2026-03-18T13:41:42,RUN-20260318_134133-BULK_GAP_FILL,1,4,"[{""strong"": ""G2643"", ""count"": 4}]"
131,131,rejection,See word_confidence_split,,,In Progress,,,,1,2026-03-18T13:41:42,RUN-20260318_134133-BULK_GAP_FILL,1,1,"[{""strong"": ""G0580"", ""count"": 1}]"
132,132,rejoicing,See word_confidence_split,,,In Progress,,,,1,2026-03-18T13:41:42,RUN-20260318_134133-BULK_GAP_FILL,3,237,"[{""strong"": ""G5463"", ""count"": 7}, {""strong"": ""H8057"", ""count"": 5}, {""strong"": ""H8056"", ""count"": 4}, {""strong"": ""H7832"", ""count"": 2}, {""strong"": ""H8033"", ""count"": 1}, {""strong"": ""H1931"", ""count"": 1}, {""strong"": ""H1961"", ""count"": 1}, {""strong"": ""H8055"", ""count"": 1}, {""strong"": ""H5951"", ""count"": 1}, {""strong"": ""G2165"", ""count"": 1}]"
133,133,reliability,See word_confidence_split,,,In Progress,,,"COVERED — No further action required. Fully covered by faithfulness (#60). H0529 (emun, faithfulness/reliability) and H0571 (emet, truth/reliability) are both within the faithfulness registry. No distinct lexical entry for reliability exists separate from the Hebrew emet/emunah family. Source: Session-A-v9-Empty-Words-Analysis-20260318.",0,2026-03-18T13:41:43,RUN-20260318_134133-BULK_GAP_FILL,0,0,[]
134,134,renewal,See word_confidence_split,,,In Progress,,,,1,2026-03-18T13:41:43,RUN-20260318_134133-BULK_GAP_FILL,2,7,"[{""strong"": ""G0342"", ""count"": 2}, {""strong"": ""H2487"", ""count"": 1}]"
135,135,repentance,High Confidence,,word_repentance.md,Complete,WA-135-repentance-data-2026-03-14.json,1.0,14 terms (14 extracted). 1 part. Session A Instruction v7. MTI: extracted.,1,,,,,
136,136,resentment,See word_confidence_split,,,In Progress,,,"REPLACED by new entry #205 (""resentment"").",0,2026-03-18T13:41:43,RUN-20260318_134133-BULK_GAP_FILL,0,0,[]
137,137,resolve,See word_confidence_split,,,In Progress,,,,1,2026-03-18T13:41:43,RUN-20260318_134133-BULK_GAP_FILL,0,0,"[{""strong"": ""G2107"", ""count"": 1}]"
138,138,reverence,See word_confidence_split,,,In Progress,,,,1,2026-03-18T13:41:43,RUN-20260318_134133-BULK_GAP_FILL,1,76,"[{""strong"": ""H3372"", ""count"": 2}, {""strong"": ""G2124"", ""count"": 2}, {""strong"": ""G5401"", ""count"": 1}]"
139,139,righteousness,See word_confidence_split,,,In Progress,,,,1,2026-03-18T13:41:43,RUN-20260318_134133-BULK_GAP_FILL,4,452,"[{""strong"": ""H6666"", ""count"": 106}, {""strong"": ""G1343"", ""count"": 76}, {""strong"": ""H6664"", ""count"": 65}, {""strong"": ""H1961"", ""count"": 2}, {""strong"": ""H3588"", ""count"": 1}, {""strong"": ""H3808"", ""count"": 1}, {""strong"": ""H0853"", ""count"": 1}, {""strong"": ""H4941"", ""count"": 1}, {""strong"": ""H1992"", ""count"": 1}, {""strong"": ""G1161"", ""count"": 1}, {""strong"": ""G1345"", ""count"": 1}]"
140,140,seeking,See word_confidence_split,,,In Progress,,,,1,2026-03-18T13:41:43,RUN-20260318_134133-BULK_GAP_FILL,7,700,"[{""strong"": ""G2212"", ""count"": 35}, {""strong"": ""H1245"", ""count"": 13}, {""strong"": ""H1875"", ""count"": 4}, {""strong"": ""H4672"", ""count"": 2}, {""strong"": ""G1934"", ""count"": 2}, {""strong"": ""H0595"", ""count"": 1}, {""strong"": ""H0834"", ""count"": 1}, {""strong"": ""H1961"", ""count"": 1}, {""strong"": ""H7836"", ""count"": 1}, {""strong"": ""G2021"", ""count"": 1}, {""strong"": ""G1537"", ""count"": 1}, {""strong"": ""G2052"", ""count"": 1}]"
141,141,self-awareness,See word_confidence_split,,,In Progress,,,"COVERED — No further action required. Covered by conscience (#26) and knowledge (#100). The Hebrew concept of self-knowledge (H3045 yada in reflexive sense) and Greek syneidēsis (conscience as self-awareness before God) are both in the registry. ""Self-awareness"" as a modern psychological category does not map to a distinct biblical lexical entry. Source: Session-A-v9-Empty-Words-Analysis-20260318.",0,2026-03-18T13:41:43,RUN-20260318_134133-BULK_GAP_FILL,0,0,[]
142,142,self-control,See word_confidence_split,,,In Progress,,,,1,2026-03-18T13:41:43,RUN-20260318_134133-BULK_GAP_FILL,10,590,"[{""strong"": ""G1466"", ""count"": 4}, {""strong"": ""G1467"", ""count"": 2}, {""strong"": ""G4997"", ""count"": 2}, {""strong"": ""H4623"", ""count"": 1}, {""strong"": ""H0834"", ""count"": 1}, {""strong"": ""H0369"", ""count"": 1}, {""strong"": ""H7307"", ""count"": 1}, {""strong"": ""G2532"", ""count"": 1}, {""strong"": ""G0192"", ""count"": 1}, {""strong"": ""G4995"", ""count"": 1}, {""strong"": ""G0193"", ""count"": 1}]"
143,143,sensitivity,See word_confidence_split,,,In Progress,,,"PARTIAL — Research required. Partially covered by compassion (#23). Hebrew H7356 (rachamim, compassion/tender mercies) and G4698 (splagchnon, compassion as visceral inner sensitivity) are in the compassion semantic field. Recommend confirming compassion (#23) explicitly includes G4698 (11 occurrences) as the inner-sensitivity dimension. Source: Session-A-v9-Empty-Words-Analysis-20260318.",0,2026-03-18T13:41:43,RUN-20260318_134133-BULK_GAP_FILL,0,0,[]
144,144,sensuality,See word_confidence_split,,,In Progress,,,,1,2026-03-18T13:41:43,RUN-20260318_134133-BULK_GAP_FILL,0,0,"[{""strong"": ""G0766"", ""count"": 8}]"
145,145,sexuality,See word_confidence_split,,,In Progress,,,"PARTIAL — Research required. Partially covered by sensuality (#144), lust (#105), and whoredom (#171). Hebrew H2181 (zanah) and G4202 (porneia) appear across those registries. However sexuality as a created, positive inner capacity is not addressed — only its distorted forms. The positive dimension is partially accessible through desire (#43) in its somatic dimension. Recommend retaining sexuality as an entry but noting this tension in the registry record. Source: Session-A-v9-Empty-Words-Analysis-20260318.",0,2026-03-18T13:41:43,RUN-20260318_134133-BULK_GAP_FILL,0,0,[]
146,146,shame,High Confidence,,word shame.md,Complete,"WA-146-shame-data-part1-2026-03-12.json, WA-146-shame-data-part2-2026-03-12.json, WA-146-shame-data-part3-2026-03-12.json",3.0,84 terms (84 extracted). 3 parts. Session A Instruction v6. MTI: extracted.,1,,,,,
147,147,sin,See word_confidence_split,,,In Progress,,,,1,2026-03-18T13:41:43,RUN-20260318_134133-BULK_GAP_FILL,18,1731,"[{""strong"": ""H2403"", ""count"": 190}, {""strong"": ""G0266"", ""count"": 78}, {""strong"": ""H2398"", ""count"": 61}, {""strong"": ""H2399"", ""count"": 14}, {""strong"": ""H0853"", ""count"": 12}, {""strong"": ""G4624"", ""count"": 10}, {""strong"": ""H5921"", ""count"": 9}, {""strong"": ""G0264"", ""count"": 9}, {""strong"": ""H2401"", ""count"": 8}, {""strong"": ""H0834"", ""count"": 5}, {""strong"": ""H5512"", ""count"": 4}, {""strong"": ""H0413"", ""count"": 3}, {""strong"": ""H5771"", ""count"": 3}, {""strong"": ""G4625"", ""count"": 3}, {""strong"": ""H0408"", ""count"": 2}, {""strong"": ""H3588"", ""count"": 2}, {""strong"": ""H1931"", ""count"": 2}, {""strong"": ""H1961"", ""count"": 2}, {""strong"": ""H3808"", ""count"": 2}, {""strong"": ""G0265"", ""count"": 2}, {""strong"": ""G3303"", ""count"": 2}, {""strong"": ""H2088"", ""count"": 1}, {""strong"": ""H0817"", ""count"": 1}, {""strong"": ""H3605"", ""count"": 1}, {""strong"": ""H5973"", ""count"": 1}, {""strong"": ""H2402"", ""count"": 1}, {""strong"": ""H2063"", ""count"": 1}, {""strong"": ""H0518"", ""count"": 1}, {""strong"": ""H7564"", ""count"": 1}, {""strong"": ""H4603"", ""count"": 1}, {""strong"": ""H4616"", ""count"": 1}, {""strong"": ""H8552"", ""count"": 1}, {""strong"": ""G0361"", ""count"": 1}]"
148,148,sincerity,See word_confidence_split,,,In Progress,,,,1,2026-03-18T13:41:43,RUN-20260318_134133-BULK_GAP_FILL,2,40,"[{""strong"": ""G1505"", ""count"": 3}, {""strong"": ""H8549"", ""count"": 1}, {""strong"": ""H0853"", ""count"": 1}, {""strong"": ""G0572"", ""count"": 1}]"
149,149,slander,See word_confidence_split,,,In Progress,,,,1,2026-03-18T13:41:44,RUN-20260318_134133-BULK_GAP_FILL,10,275,"[{""strong"": ""G0988"", ""count"": 6}, {""strong"": ""G2636"", ""count"": 2}, {""strong"": ""H7270"", ""count"": 1}, {""strong"": ""H5414"", ""count"": 1}, {""strong"": ""H1848"", ""count"": 1}, {""strong"": ""H1681"", ""count"": 1}, {""strong"": ""H3960"", ""count"": 1}, {""strong"": ""H7400"", ""count"": 1}, {""strong"": ""G1426"", ""count"": 1}, {""strong"": ""G3059"", ""count"": 1}]"
150,150,sorcery,See word_confidence_split,,,In Progress,,,,1,2026-03-18T13:41:44,RUN-20260318_134133-BULK_GAP_FILL,2,5,"[{""strong"": ""G5331"", ""count"": 2}, {""strong"": ""H3784"", ""count"": 1}]"
151,151,sorrow,See word_confidence_split,,,Complete,WA-151-sorrow-data-part1/2-2026-03-10.json,,24 terms. 2 parts. Spec v5. MTI: extracted.,1,,,,,
152,152,strife,See word_confidence_split,,,In Progress,,,,1,2026-03-18T13:41:44,RUN-20260318_134133-BULK_GAP_FILL,8,119,"[{""strong"": ""H7379"", ""count"": 12}, {""strong"": ""H4066"", ""count"": 6}, {""strong"": ""H1481"", ""count"": 4}, {""strong"": ""G2054"", ""count"": 3}, {""strong"": ""H4683"", ""count"": 2}, {""strong"": ""H4808"", ""count"": 1}, {""strong"": ""H7230"", ""count"": 1}, {""strong"": ""H4090"", ""count"": 1}, {""strong"": ""H4079"", ""count"": 1}, {""strong"": ""H1961"", ""count"": 1}]"
153,153,stubbornness,See word_confidence_split,,,In Progress,,,,1,2026-03-18T13:41:44,RUN-20260318_134133-BULK_GAP_FILL,2,9,"[{""strong"": ""H8307"", ""count"": 4}, {""strong"": ""H7190"", ""count"": 1}, {""strong"": ""H0413"", ""count"": 1}]"
154,154,stupor,High Confidence,,word_sorrow.md,Complete,"WA-154-sorrow-data-part1-2026-03-10.json, WA-154-sorrow-data-part2-2026-03-10.json",2.0,48 terms (48 extracted). 2 parts. Session A Instruction v5. MTI: extracted.,1,,,,,
155,155,submission,See word_confidence_split,,,In Progress,,,,1,2026-03-18T13:41:44,RUN-20260318_134133-BULK_GAP_FILL,2,20,"[{""strong"": ""G5292"", ""count"": 2}, {""strong"": ""G5293"", ""count"": 1}]"
156,156,surrender,See word_confidence_split,,,In Progress,,,,1,2026-03-18T13:41:44,RUN-20260318_134133-BULK_GAP_FILL,3,413,"[{""strong"": ""H5462"", ""count"": 4}, {""strong"": ""H3318"", ""count"": 3}, {""strong"": ""H0859"", ""count"": 1}]"
157,157,temptation,See word_confidence_split,,,In Progress,,,,1,2026-03-18T13:41:44,RUN-20260318_134133-BULK_GAP_FILL,1,1,"[{""strong"": ""G3986"", ""count"": 10}, {""strong"": ""G4625"", ""count"": 1}]"
158,158,terror,See word_confidence_split,,,In Progress,,,,1,2026-03-18T13:41:44,RUN-20260318_134133-BULK_GAP_FILL,17,1175,"[{""strong"": ""H6343"", ""count"": 17}, {""strong"": ""H2851"", ""count"": 8}, {""strong"": ""H4032"", ""count"": 7}, {""strong"": ""H0367"", ""count"": 6}, {""strong"": ""H4172"", ""count"": 4}, {""strong"": ""H0853"", ""count"": 3}, {""strong"": ""H4288"", ""count"": 3}, {""strong"": ""H1961"", ""count"": 2}, {""strong"": ""H3588"", ""count"": 2}, {""strong"": ""H6206"", ""count"": 2}, {""strong"": ""H6342"", ""count"": 2}, {""strong"": ""H0928"", ""count"": 2}, {""strong"": ""H1205"", ""count"": 2}, {""strong"": ""H2847"", ""count"": 1}, {""strong"": ""H1670"", ""count"": 1}, {""strong"": ""H5750"", ""count"": 1}, {""strong"": ""H8033"", ""count"": 1}, {""strong"": ""H1091"", ""count"": 1}, {""strong"": ""H2283"", ""count"": 1}, {""strong"": ""H2113"", ""count"": 1}, {""strong"": ""H7535"", ""count"": 1}, {""strong"": ""H2865"", ""count"": 1}, {""strong"": ""H0408"", ""count"": 1}, {""strong"": ""H4036"", ""count"": 1}, {""strong"": ""H0518"", ""count"": 1}, {""strong"": ""H8047"", ""count"": 1}, {""strong"": ""H5921"", ""count"": 1}, {""strong"": ""H0926"", ""count"": 1}, {""strong"": ""H2189"", ""count"": 1}, {""strong"": ""G1719"", ""count"": 1}, {""strong"": ""G5401"", ""count"": 1}]"
159,159,testimony,See word_confidence_split,,,In Progress,,,,1,2026-03-18T13:41:45,RUN-20260318_134133-BULK_GAP_FILL,9,107,"[{""strong"": ""H5715"", ""count"": 42}, {""strong"": ""G3141"", ""count"": 34}, {""strong"": ""G3142"", ""count"": 10}, {""strong"": ""H0853"", ""count"": 5}, {""strong"": ""G3140"", ""count"": 3}, {""strong"": ""H8584"", ""count"": 2}, {""strong"": ""H6030"", ""count"": 1}, {""strong"": ""H0226"", ""count"": 1}, {""strong"": ""G5577"", ""count"": 1}, {""strong"": ""G3056"", ""count"": 1}]"
160,160,thought,See word_confidence_split,,,In Progress,,,,1,2026-03-18T13:41:45,RUN-20260318_134133-BULK_GAP_FILL,23,1589,"[{""strong"": ""H0559"", ""count"": 25}, {""strong"": ""G1380"", ""count"": 5}, {""strong"": ""H2803"", ""count"": 4}, {""strong"": ""H1819"", ""count"": 3}, {""strong"": ""H3588"", ""count"": 2}, {""strong"": ""H0995"", ""count"": 2}, {""strong"": ""G3543"", ""count"": 2}, {""strong"": ""G2233"", ""count"": 2}, {""strong"": ""H1697"", ""count"": 1}, {""strong"": ""H1961"", ""count"": 1}, {""strong"": ""H5869"", ""count"": 1}, {""strong"": ""H4284"", ""count"": 1}, {""strong"": ""H6248"", ""count"": 1}, {""strong"": ""H7919"", ""count"": 1}, {""strong"": ""H1931"", ""count"": 1}, {""strong"": ""H2808"", ""count"": 1}, {""strong"": ""H2142"", ""count"": 1}, {""strong"": ""H0834"", ""count"": 1}, {""strong"": ""H7808"", ""count"": 1}, {""strong"": ""H4100"", ""count"": 1}, {""strong"": ""H6245"", ""count"": 1}, {""strong"": ""H0194"", ""count"": 1}, {""strong"": ""H7725"", ""count"": 1}, {""strong"": ""G1260"", ""count"": 1}, {""strong"": ""G3004"", ""count"": 1}, {""strong"": ""G0515"", ""count"": 1}, {""strong"": ""G2919"", ""count"": 1}, {""strong"": ""G4306"", ""count"": 1}, {""strong"": ""G5426"", ""count"": 1}, {""strong"": ""G3540"", ""count"": 1}, {""strong"": ""G3141"", ""count"": 1}]"
161,161,transformation,See word_confidence_split,,,In Progress,,,"REPLACED by new entry #202 (""transformation"").",0,2026-03-18T13:41:45,RUN-20260318_134133-BULK_GAP_FILL,0,0,[]
162,162,transgression,See word_confidence_split,,,In Progress,,,,1,2026-03-18T13:41:45,RUN-20260318_134133-BULK_GAP_FILL,5,60,"[{""strong"": ""H6588"", ""count"": 36}, {""strong"": ""G3847"", ""count"": 3}, {""strong"": ""H1097"", ""count"": 2}, {""strong"": ""H0589"", ""count"": 1}, {""strong"": ""H6580"", ""count"": 1}, {""strong"": ""H6586"", ""count"": 1}, {""strong"": ""G3900"", ""count"": 1}, {""strong"": ""G3892"", ""count"": 1}]"
163,163,trust,See word_confidence_split,,,In Progress,,,,1,2026-03-18T13:41:45,RUN-20260318_134133-BULK_GAP_FILL,6,789,"[{""strong"": ""H0982"", ""count"": 63}, {""strong"": ""H4009"", ""count"": 7}, {""strong"": ""H0539"", ""count"": 5}, {""strong"": ""H5921"", ""count"": 3}, {""strong"": ""H0408"", ""count"": 3}, {""strong"": ""H0834"", ""count"": 2}, {""strong"": ""G3982"", ""count"": 2}, {""strong"": ""H6588"", ""count"": 1}, {""strong"": ""H0986"", ""count"": 1}, {""strong"": ""H4100"", ""count"": 1}, {""strong"": ""H0530"", ""count"": 1}, {""strong"": ""H3689"", ""count"": 1}, {""strong"": ""H2142"", ""count"": 1}, {""strong"": ""H0413"", ""count"": 1}, {""strong"": ""H0985"", ""count"": 1}, {""strong"": ""H0983"", ""count"": 1}, {""strong"": ""H0859"", ""count"": 1}]"
164,164,truthfulness,See word_confidence_split,,,In Progress,,,,1,2026-03-18T13:41:46,RUN-20260318_134133-BULK_GAP_FILL,1,27,"[{""strong"": ""G0225"", ""count"": 1}]"
165,165,unbelief,See word_confidence_split,,,In Progress,,,,1,2026-03-18T13:41:46,RUN-20260318_134133-BULK_GAP_FILL,2,13,"[{""strong"": ""G0570"", ""count"": 9}, {""strong"": ""G0544"", ""count"": 1}, {""strong"": ""G1161"", ""count"": 1}]"
166,166,understanding,See word_confidence_split,,,In Progress,,,,1,2026-03-18T13:41:46,RUN-20260318_134133-BULK_GAP_FILL,12,692,"[{""strong"": ""H8394"", ""count"": 34}, {""strong"": ""H0995"", ""count"": 31}, {""strong"": ""H0998"", ""count"": 23}, {""strong"": ""G4907"", ""count"": 5}, {""strong"": ""H3820"", ""count"": 4}, {""strong"": ""H3824"", ""count"": 3}, {""strong"": ""H7924"", ""count"": 3}, {""strong"": ""H7922"", ""count"": 2}, {""strong"": ""H7919"", ""count"": 2}, {""strong"": ""G4908"", ""count"": 2}, {""strong"": ""G0801"", ""count"": 2}, {""strong"": ""G1271"", ""count"": 2}, {""strong"": ""G3563"", ""count"": 2}, {""strong"": ""H8085"", ""count"": 1}, {""strong"": ""H0853"", ""count"": 1}, {""strong"": ""H3045"", ""count"": 1}, {""strong"": ""H3823"", ""count"": 1}, {""strong"": ""H5921"", ""count"": 1}, {""strong"": ""H0999"", ""count"": 1}, {""strong"": ""H3808"", ""count"": 1}, {""strong"": ""G4920"", ""count"": 1}, {""strong"": ""G3539"", ""count"": 1}, {""strong"": ""G6063"", ""count"": 1}, {""strong"": ""G1990"", ""count"": 1}, {""strong"": ""G1108"", ""count"": 1}]"
167,167,unity,See word_confidence_split,,,In Progress,,,,1,2026-03-18T13:41:46,RUN-20260318_134133-BULK_GAP_FILL,3,241,"[{""strong"": ""G1775"", ""count"": 2}, {""strong"": ""H3162"", ""count"": 1}, {""strong"": ""H1571"", ""count"": 1}]"
168,168,uprightness,See word_confidence_split,,,In Progress,,,,1,2026-03-18T13:41:46,RUN-20260318_134133-BULK_GAP_FILL,9,337,"[{""strong"": ""H3476"", ""count"": 9}, {""strong"": ""H4339"", ""count"": 2}, {""strong"": ""H4334"", ""count"": 2}, {""strong"": ""H5229"", ""count"": 2}, {""strong"": ""H3483"", ""count"": 1}, {""strong"": ""H0589"", ""count"": 1}, {""strong"": ""H3477"", ""count"": 1}, {""strong"": ""H5921"", ""count"": 1}, {""strong"": ""H5228"", ""count"": 1}, {""strong"": ""G2118"", ""count"": 1}]"
169,169,vulnerability,See word_confidence_split,,,In Progress,,,"REPLACED by new entry #206 (""vulnerability""). PARTIAL/GAP — Research required. Originally listed as Partial; moved to Gap on review — no existing partial coverage identified. Primary anchor: H6168 (arah, to lay bare/expose; ~15 occurrences). Supporting terms: H6174 (arom, naked/exposed; 16 occurrences); G1131 (gymnos, naked/vulnerable; 15 NT occurrences — including Heb 4:13 ""naked and laid bare before God""). A new registry entry is recommended. Source: Session-A-v9-Empty-Words-Analysis-20260318.",0,2026-03-18T13:41:46,RUN-20260318_134133-BULK_GAP_FILL,0,0,[]
170,170,weakness,See word_confidence_split,,,In Progress,,,,1,2026-03-18T13:41:46,RUN-20260318_134133-BULK_GAP_FILL,1,14,"[{""strong"": ""G0769"", ""count"": 9}, {""strong"": ""G0772"", ""count"": 2}]"
171,171,whoredom,See word_confidence_split,,,In Progress,,,,1,2026-03-18T13:41:46,RUN-20260318_134133-BULK_GAP_FILL,3,55,"[{""strong"": ""H2183"", ""count"": 5}, {""strong"": ""H2181"", ""count"": 4}, {""strong"": ""H2184"", ""count"": 4}]"
172,172,wickedness,See word_confidence_split,,,In Progress,,,,1,2026-03-18T13:41:46,RUN-20260318_134133-BULK_GAP_FILL,9,819,"[{""strong"": ""H7562"", ""count"": 24}, {""strong"": ""H7451"", ""count"": 11}, {""strong"": ""H7564"", ""count"": 10}, {""strong"": ""H5766"", ""count"": 3}, {""strong"": ""G4189"", ""count"": 3}, {""strong"": ""H7563"", ""count"": 2}, {""strong"": ""H0205"", ""count"": 2}, {""strong"": ""G2549"", ""count"": 2}, {""strong"": ""H2063"", ""count"": 1}, {""strong"": ""H3588"", ""count"": 1}, {""strong"": ""H2088"", ""count"": 1}, {""strong"": ""H0413"", ""count"": 1}, {""strong"": ""H3644"", ""count"": 1}, {""strong"": ""H7561"", ""count"": 1}, {""strong"": ""H1961"", ""count"": 1}, {""strong"": ""H7455"", ""count"": 1}, {""strong"": ""H5921"", ""count"": 1}, {""strong"": ""G0093"", ""count"": 1}, {""strong"": ""G0458"", ""count"": 1}]"
173,173,will,See word_confidence_split,,,In Progress,,,,1,2026-03-18T13:41:46,RUN-20260318_134133-BULK_GAP_FILL,17,1720,"[{""strong"": ""G2307"", ""count"": 5}, {""strong"": ""G3361"", ""count"": 3}, {""strong"": ""G2309"", ""count"": 3}, {""strong"": ""H3808"", ""count"": 2}, {""strong"": ""H6213"", ""count"": 1}, {""strong"": ""H5352"", ""count"": 1}, {""strong"": ""H3820"", ""count"": 1}, {""strong"": ""H3426"", ""count"": 1}, {""strong"": ""H1836"", ""count"": 1}, {""strong"": ""H7470"", ""count"": 1}, {""strong"": ""H7522"", ""count"": 1}, {""strong"": ""H0518"", ""count"": 1}, {""strong"": ""H0227"", ""count"": 1}, {""strong"": ""H7665"", ""count"": 1}, {""strong"": ""H0781"", ""count"": 1}, {""strong"": ""H1980"", ""count"": 1}, {""strong"": ""H5704"", ""count"": 1}, {""strong"": ""H4970"", ""count"": 1}, {""strong"": ""H3427"", ""count"": 1}, {""strong"": ""G1510"", ""count"": 1}, {""strong"": ""G3195"", ""count"": 1}, {""strong"": ""G2532"", ""count"": 1}, {""strong"": ""G1013"", ""count"": 1}]"
174,174,wisdom,High Confidence,,word_wisdom_Part1.md,Complete,WA-174-wisdom-data-part1/2-2026-03-15.json,2.0,30 terms (30 extracted). 2 parts. Session A Instruction v7. MTI: extracted.,1,,,,,
175,175,wonder,See word_confidence_split,,,In Progress,,,,1,2026-03-18T13:41:47,RUN-20260318_134133-BULK_GAP_FILL,7,131,"[{""strong"": ""H4159"", ""count"": 3}, {""strong"": ""H0176"", ""count"": 1}, {""strong"": ""H6382"", ""count"": 1}, {""strong"": ""H6381"", ""count"": 1}, {""strong"": ""H8539"", ""count"": 1}, {""strong"": ""G2285"", ""count"": 1}, {""strong"": ""G2296"", ""count"": 1}, {""strong"": ""G2295"", ""count"": 1}]"
176,176,worship,See word_confidence_split,,,In Progress,,,,1,2026-03-18T13:41:47,RUN-20260318_134133-BULK_GAP_FILL,14,521,"[{""strong"": ""H7812"", ""count"": 38}, {""strong"": ""G4352"", ""count"": 32}, {""strong"": ""H5457"", ""count"": 10}, {""strong"": ""G3000"", ""count"": 7}, {""strong"": ""H5647"", ""count"": 4}, {""strong"": ""G4576"", ""count"": 4}, {""strong"": ""G2999"", ""count"": 3}, {""strong"": ""H6213"", ""count"": 2}, {""strong"": ""H2088"", ""count"": 2}, {""strong"": ""H1875"", ""count"": 2}, {""strong"": ""G4574"", ""count"": 2}, {""strong"": ""H3372"", ""count"": 1}, {""strong"": ""H1931"", ""count"": 1}, {""strong"": ""H8334"", ""count"": 1}, {""strong"": ""G2151"", ""count"": 1}, {""strong"": ""G3050"", ""count"": 1}, {""strong"": ""G2356"", ""count"": 1}, {""strong"": ""G3009"", ""count"": 1}]"
177,177,worth,See word_confidence_split,,,In Progress,,,,1,2026-03-18T13:41:47,RUN-20260318_134133-BULK_GAP_FILL,5,95,"[{""strong"": ""H3644"", ""count"": 1}, {""strong"": ""H7737"", ""count"": 1}, {""strong"": ""H2088"", ""count"": 1}, {""strong"": ""H0369"", ""count"": 1}, {""strong"": ""H6187"", ""count"": 1}, {""strong"": ""G0514"", ""count"": 1}, {""strong"": ""G1382"", ""count"": 1}, {""strong"": ""G5242"", ""count"": 1}]"
178,178,wrath,Missing Inner Being Words,Affective/Emotional,word_wrath_1.md,Complete,WA-178-wrath-data-2026-03-10.json,1.0,4 terms (4 extracted). 1 part. Session A Instruction v6. MTI: extracted.,1,,,,,
179,179,yearning,See word_confidence_split,,,In Progress,,,,1,2026-03-18T13:41:47,RUN-20260318_134133-BULK_GAP_FILL,1,1,"[{""strong"": ""H4263"", ""count"": 1}]"
180,180,yielding,See word_confidence_split,,,In Progress,,,,1,2026-03-18T13:41:47,RUN-20260318_134133-BULK_GAP_FILL,3,56,"[{""strong"": ""H2232"", ""count"": 3}, {""strong"": ""G5342"", ""count"": 1}, {""strong"": ""G0591"", ""count"": 1}]"
181,181,zeal,See word_confidence_split,,,In Progress,,,,1,2026-03-18T13:41:47,RUN-20260318_134133-BULK_GAP_FILL,1,9,"[{""strong"": ""H7068"", ""count"": 10}, {""strong"": ""G2205"", ""count"": 6}, {""strong"": ""G4710"", ""count"": 2}, {""strong"": ""H7065"", ""count"": 1}]"
182,182,Soul,High Confidence,,word_soul.md,Complete,WA-182-soul-data-2026-03-14.json,1.0,4 terms (4 extracted). 1 part. Session A Instruction v7. MTI: extracted.,1,,,,,
183,183,heart,High Confidence,Anthropological core,word_heart_Part1.md,Complete,"WA-183-heart-data-part1-2026-03-15.json, WA-183-heart-data-part2-2026-03-15.json",2.0,62 terms (62 extracted). 2 parts. Session A Instruction v7. MTI: extracted.,1,,,,,
184,184,spirit,High Confidence,Anthropological core,word_spirit.md,Complete,WA-184-spirit-data-2026-03-15.json,1.0,11 terms (11 extracted). 1 part. Session A Instruction v7. MTI: extracted.,1,,,,,
185,185,flesh,High Confidence,Anthropological core,word_flesh_Part1.md,Complete,"WA-185-flesh-data-part1-2026-03-15.json, WA-185-flesh-data-part2-2026-03-15.json",2.0,28 terms (28 extracted). 2 parts. Session A Instruction v7. MTI: extracted.,1,,,,,
186,186,gladness,High Confidence,Affective/Emotional,word_gladness.md,In Progress,02-wa-186-gladness-data-patch-20260317-v1.json,,Added 2026-03-15: identified in Next 25 analysis as missing from original 181-word list.,1,,,,,
187,187,strength,High Confidence,Volitional/Capacity,"word_strength_Part1.md, word_strength_Part2.md, word_strength_Part3.md",Complete,"02-wa-187-strength-data-part1-patch-20260317-v1.json, 03-wa-187-strength-data-part2-patch-20260317-v1.json, 04-wa-187-strength-data-part3-patch-20260317-v1.json",,Added 2026-03-15: identified in Next 25 analysis as missing from original 181-word list.,1,,,,,
188,188,weeping,High Confidence,Somatic-Emotional,,In Progress,,,Added 2026-03-15: identified in Next 25 analysis as missing from original 181-word list.,1,2026-03-18T13:41:47,RUN-20260318_134133-BULK_GAP_FILL,8,756,"[{""strong"": ""H1065"", ""count"": 18}, {""strong"": ""G2799"", ""count"": 13}, {""strong"": ""H1058"", ""count"": 12}, {""strong"": ""G2805"", ""count"": 9}, {""strong"": ""H1832"", ""count"": 2}, {""strong"": ""H1068"", ""count"": 1}, {""strong"": ""H1980"", ""count"": 1}, {""strong"": ""H5927"", ""count"": 1}, {""strong"": ""H4480"", ""count"": 1}, {""strong"": ""H1931"", ""count"": 1}]"
189,189,malice,High Confidence,Moral/Negative,,In Progress,,,Added 2026-03-15: identified in Next 25 analysis as missing from original 181-word list.,1,2026-03-18T13:41:47,RUN-20260318_134133-BULK_GAP_FILL,2,30,"[{""strong"": ""G2549"", ""count"": 6}, {""strong"": ""H7451"", ""count"": 2}, {""strong"": ""H7589"", ""count"": 2}, {""strong"": ""G4189"", ""count"": 1}]"
190,190,contempt,High Confidence,Moral/Relational,,In Progress,,,Added 2026-03-15: identified in Next 25 analysis as missing from original 181-word list.,1,2026-03-18T13:41:47,RUN-20260318_134133-BULK_GAP_FILL,11,408,"[{""strong"": ""H0937"", ""count"": 9}, {""strong"": ""H7043"", ""count"": 4}, {""strong"": ""H7590"", ""count"": 2}, {""strong"": ""H5034"", ""count"": 2}, {""strong"": ""G1848"", ""count"": 2}, {""strong"": ""H5006"", ""count"": 1}, {""strong"": ""H3588"", ""count"": 1}, {""strong"": ""H2778"", ""count"": 1}, {""strong"": ""H0959"", ""count"": 1}, {""strong"": ""H0963"", ""count"": 1}, {""strong"": ""H7034"", ""count"": 1}, {""strong"": ""H7589"", ""count"": 1}, {""strong"": ""H5315"", ""count"": 1}, {""strong"": ""H1860"", ""count"": 1}, {""strong"": ""G1847"", ""count"": 1}, {""strong"": ""G3856"", ""count"": 1}]"
191,191,doubt,High Confidence,Cognitive-Spiritual,,In Progress,,,Added 2026-03-15: identified in Next 25 analysis as missing from original 181-word list.,1,2026-03-18T13:41:48,RUN-20260318_134133-BULK_GAP_FILL,5,33,"[{""strong"": ""G1252"", ""count"": 3}, {""strong"": ""H2963"", ""count"": 1}, {""strong"": ""H0551"", ""count"": 1}, {""strong"": ""G1365"", ""count"": 1}, {""strong"": ""G3843"", ""count"": 1}]"
192,192,comfort,High Confidence,Positive/Relational,,In Progress,,,Added 2026-03-15: identified in Next 25 analysis as missing from original 181-word list.,1,2026-03-18T13:41:48,RUN-20260318_134133-BULK_GAP_FILL,6,62,"[{""strong"": ""H5162"", ""count"": 26}, {""strong"": ""G3874"", ""count"": 12}, {""strong"": ""G3870"", ""count"": 4}, {""strong"": ""H5165"", ""count"": 2}, {""strong"": ""H8575"", ""count"": 1}, {""strong"": ""H5150"", ""count"": 1}, {""strong"": ""G3890"", ""count"": 1}, {""strong"": ""G3931"", ""count"": 1}]"
193,193,craving,High Confidence,Volitional/Somatic,,In Progress,,,Added 2026-03-15: identified in Next 25 analysis as missing from original 181-word list.,1,2026-03-18T13:41:48,RUN-20260318_134133-BULK_GAP_FILL,2,2,"[{""strong"": ""H8378"", ""count"": 2}, {""strong"": ""H0183"", ""count"": 2}, {""strong"": ""H1942"", ""count"": 1}, {""strong"": ""H5315"", ""count"": 1}, {""strong"": ""G3552"", ""count"": 1}, {""strong"": ""G3713"", ""count"": 1}]"
194,194,blessing,High Confidence,Positive/Relational,,In Progress,,,Added 2026-03-15: identified in Next 25 analysis as missing from original 181-word list.,1,2026-03-18T13:41:48,RUN-20260318_134133-BULK_GAP_FILL,5,139,"[{""strong"": ""H1293"", ""count"": 52}, {""strong"": ""G2129"", ""count"": 10}, {""strong"": ""H0853"", ""count"": 8}, {""strong"": ""G2127"", ""count"": 8}, {""strong"": ""H1288"", ""count"": 5}, {""strong"": ""G3108"", ""count"": 2}, {""strong"": ""H1961"", ""count"": 1}, {""strong"": ""H0854"", ""count"": 1}, {""strong"": ""H2063"", ""count"": 1}, {""strong"": ""G5486"", ""count"": 1}]"
195,195,spiritual powers,High Confidence,Spiritual/External Operator — Cross-Registry Synthesis,,In Progress,,,SPECIAL HANDLING — No further action required. Cross-registry synthesis placeholder that emerges from the power/authority/might/dominion/energy cluster (#196–200) through Session D analysis. The strongs_list is correctly empty. Session A should not be run independently for this entry. Source: Session-A-v9-Empty-Words-Analysis-20260318.,0,2026-03-18T13:41:48,RUN-20260318_134133-BULK_GAP_FILL,0,0,[]
196,196,power,High Confidence,Volitional-Spiritual/Capacity and Agency,,In Progress,,,"Added 2026-03-17: identified via STEP Bible testing of the power word family during Col 2:8 exegetical review. Critical English-first gap — 'power' as a translation gloss covers central biblical terms entirely absent from the registry. Primary Greek terms expected: G1411 dunamis (power/force — Rom 8:38; Eph 1:21; 1 Pet 3:22), G2904 kratos (dominion/lordship — Eph 1:19; Col 1:11), G1753 energeia (active working/energy — Eph 1:19; 2 Thess 2:9 — used of both divine and Satanic power). Primary Hebrew terms expected: H3581 ko.ach (strength/power), H1369 ge.vu.rah (might/heroic power), H5797 oz (strength/power), H8617 te.qu.mah (power to stand), H4756 shil.ton (power/dominion). Note: terms describing human inner capacity (ability, strength) should cross-link to #187 strength. Terms describing spiritual-agent power over persons should flag PROCESS_DYNAMIC for Session D synthesis under #195. Expected to be large — likely requires split. Cross-links: authority (#197), might (#198), dominion (#199), strength (#187), spiritual powers (#195).",1,2026-03-18T13:41:48,RUN-20260318_134133-BULK_GAP_FILL,19,1448,"[{""strong"": ""G1411"", ""count"": 76}, {""strong"": ""H3581"", ""count"": 40}, {""strong"": ""H3027"", ""count"": 30}, {""strong"": ""H5797"", ""count"": 13}, {""strong"": ""G1849"", ""count"": 10}, {""strong"": ""H1369"", ""count"": 8}, {""strong"": ""H0853"", ""count"": 5}, {""strong"": ""H0410"", ""count"": 4}, {""strong"": ""H2428"", ""count"": 4}, {""strong"": ""H1961"", ""count"": 3}, {""strong"": ""H4467"", ""count"": 3}, {""strong"": ""H2220"", ""count"": 3}, {""strong"": ""H7980"", ""count"": 3}, {""strong"": ""G1415"", ""count"": 3}, {""strong"": ""H5921"", ""count"": 2}, {""strong"": ""H3444"", ""count"": 2}, {""strong"": ""H2632"", ""count"": 2}, {""strong"": ""H5794"", ""count"": 1}, {""strong"": ""H8617"", ""count"": 1}, {""strong"": ""H0369"", ""count"": 1}, {""strong"": ""H3201"", ""count"": 1}, {""strong"": ""H0859"", ""count"": 1}, {""strong"": ""H3709"", ""count"": 1}, {""strong"": ""H2429"", ""count"": 1}, {""strong"": ""H8633"", ""count"": 1}, {""strong"": ""H0202"", ""count"": 1}, {""strong"": ""H3588"", ""count"": 1}, {""strong"": ""H5810"", ""count"": 1}, {""strong"": ""H8592"", ""count"": 1}, {""strong"": ""H1926"", ""count"": 1}, {""strong"": ""H7989"", ""count"": 1}, {""strong"": ""H7983"", ""count"": 1}, {""strong"": ""H0834"", ""count"": 1}, {""strong"": ""H6109"", ""count"": 1}, {""strong"": ""H7981"", ""count"": 1}, {""strong"": ""H3028"", ""count"": 1}, {""strong"": ""G1753"", ""count"": 1}, {""strong"": ""G2904"", ""count"": 1}, {""strong"": ""G2480"", ""count"": 1}, {""strong"": ""G0846"", ""count"": 1}]"
197,197,authority,High Confidence,Volitional-Spiritual/Agency and Governance,,In Progress,,,"Added 2026-03-17: identified via STEP Bible testing during Col 2:8 exegetical review. 'Authority' as a translation gloss is a critical English-first gap — exousia alone has 100+ NT occurrences and is central to Paul's cosmology of powers. Primary Greek terms expected: G1849 exousia (authority/power — Eph 6:12; Col 2:15; Lk 4:36; Rom 13:1), G1849-v exousiazō (to exercise authority over), G0746 archē (ruler/principality/beginning — Eph 6:12; Col 2:15; Rom 8:38), G0758 archōn (ruler/prince — Jn 12:31; Eph 2:2), G2888 kosmokratōr (world ruler — Eph 6:12), G1415 exischuō (to have power over). Primary Hebrew terms expected: H2633 che.sen (authority — rare), H4475 mem.sha.lah (dominion/rule), H7989 shal.lit (domineering/ruling). Note: this registry will be the primary home for the spiritual-principalities dimension identified in Col 2:8. Session B analysis should flag PROCESS_DYNAMIC for all terms describing authority exercised over the inner person. Cross-links: power (#196), dominion (#199), spiritual powers (#195), bondage (#17).",1,2026-03-18T13:41:48,RUN-20260318_134133-BULK_GAP_FILL,12,66,"[{""strong"": ""G1849"", ""count"": 64}, {""strong"": ""G1850"", ""count"": 3}, {""strong"": ""H4475"", ""count"": 2}, {""strong"": ""G2715"", ""count"": 2}, {""strong"": ""G2963"", ""count"": 2}, {""strong"": ""H3027"", ""count"": 1}, {""strong"": ""H1935"", ""count"": 1}, {""strong"": ""H7287"", ""count"": 1}, {""strong"": ""H4932"", ""count"": 1}, {""strong"": ""H8633"", ""count"": 1}, {""strong"": ""H4915"", ""count"": 1}, {""strong"": ""H4474"", ""count"": 1}, {""strong"": ""G1415"", ""count"": 1}, {""strong"": ""G0831"", ""count"": 1}, {""strong"": ""G2003"", ""count"": 1}, {""strong"": ""G0746"", ""count"": 1}]"
198,198,might,High Confidence,Volitional/Capacity and Strength,,In Progress,,,"Added 2026-03-17: identified via STEP Bible testing during Col 2:8 exegetical review. 'Might' as a translation gloss covers strength/power terms that overlap with but are distinct from #187 strength — particularly in contexts of divine and heroic might bearing on the inner person. Primary Greek terms expected: G2479 ischus (strength/might — Eph 6:10; Rev 5:12), G2478 ischuros (strong — used of binding the strong man, Mt 12:29), G2480 ischuō (to be strong/able). Primary Hebrew terms expected: H1369 ge.vu.rah (might/heroic strength — frequently of divine might bearing on human experience), H0193 on (strength/vigour), H5797 oz (strength/might), H5800 e.zuz/iz.zuz (might/power), H0047 ab.bir (mighty), H3524 kab.bir (mighty). Note: scope carefully against #187 strength — might tends toward the external/overwhelming dimension, strength toward inner capacity. Cross-links: power (#196), strength (#187), authority (#197).",1,2026-03-18T13:41:49,RUN-20260318_134133-BULK_GAP_FILL,30,1686,"[{""strong"": ""H1369"", ""count"": 35}, {""strong"": ""H5797"", ""count"": 12}, {""strong"": ""H3581"", ""count"": 7}, {""strong"": ""H5414"", ""count"": 4}, {""strong"": ""H4616"", ""count"": 4}, {""strong"": ""G1510"", ""count"": 4}, {""strong"": ""H6031"", ""count"": 3}, {""strong"": ""H5807"", ""count"": 3}, {""strong"": ""G2770"", ""count"": 3}, {""strong"": ""H3966"", ""count"": 2}, {""strong"": ""H6108"", ""count"": 2}, {""strong"": ""H2428"", ""count"": 2}, {""strong"": ""H0853"", ""count"": 2}, {""strong"": ""H0202"", ""count"": 2}, {""strong"": ""H7161"", ""count"": 2}, {""strong"": ""H1370"", ""count"": 2}, {""strong"": ""G4137"", ""count"": 2}, {""strong"": ""G2904"", ""count"": 2}, {""strong"": ""G2479"", ""count"": 2}, {""strong"": ""H4592"", ""count"": 1}, {""strong"": ""H3179"", ""count"": 1}, {""strong"": ""H6435"", ""count"": 1}, {""strong"": ""H0859"", ""count"": 1}, {""strong"": ""H3588"", ""count"": 1}, {""strong"": ""H6965"", ""count"": 1}, {""strong"": ""H3627"", ""count"": 1}, {""strong"": ""H6696"", ""count"": 1}, {""strong"": ""H0935"", ""count"": 1}, {""strong"": ""H6099"", ""count"": 1}, {""strong"": ""H2220"", ""count"": 1}, {""strong"": ""H2389"", ""count"": 1}, {""strong"": ""H2151"", ""count"": 1}, {""strong"": ""H8074"", ""count"": 1}, {""strong"": ""H8632"", ""count"": 1}, {""strong"": ""H1934"", ""count"": 1}, {""strong"": ""H4481"", ""count"": 1}, {""strong"": ""H1768"", ""count"": 1}, {""strong"": ""H7337"", ""count"": 1}, {""strong"": ""G4617"", ""count"": 1}, {""strong"": ""G3379"", ""count"": 1}, {""strong"": ""G3779"", ""count"": 1}, {""strong"": ""G1511"", ""count"": 1}, {""strong"": ""G1096"", ""count"": 1}, {""strong"": ""G0618"", ""count"": 1}, {""strong"": ""G1731"", ""count"": 1}]"
199,199,dominion,High Confidence,Spiritual/Governance and Rule,,In Progress,,,"Added 2026-03-17: identified via STEP Bible testing during Col 2:8 exegetical review. 'Dominion' as a translation gloss covers the rule/lordship dimension of power — particularly relevant to how spiritual forces hold dominion over persons and how Christ's victory transfers that dominion. Primary Greek terms expected: G2904 kratos (dominion/lordship — Eph 1:19; Col 1:11; 1 Pet 4:11), G2961 kurieuō (to have dominion over — Rom 6:9,14 — sin's dominion over the person), G2634 katakurieuō (to exercise dominion over). Primary Hebrew terms expected: H4475 mem.sha.lah (dominion/rule), H7989 shal.lit (domineering), H4427 ma.lakh (to reign/rule), H7300 ru.d (to have dominion). Note: Rom 6:9,14 — sin no longer has dominion — is a key inner-being verse anchoring this word. Session B should flag PROCESS_DYNAMIC for all terms describing dominion exercised over the inner person. Cross-links: power (#196), authority (#197), bondage (#17), spiritual powers (#195).",1,2026-03-18T13:41:49,RUN-20260318_134133-BULK_GAP_FILL,5,84,"[{""strong"": ""H7985"", ""count"": 13}, {""strong"": ""H4475"", ""count"": 8}, {""strong"": ""H7287"", ""count"": 6}, {""strong"": ""G2904"", ""count"": 5}, {""strong"": ""H4910"", ""count"": 3}, {""strong"": ""G2961"", ""count"": 2}, {""strong"": ""H7980"", ""count"": 1}, {""strong"": ""H3027"", ""count"": 1}, {""strong"": ""H1768"", ""count"": 1}, {""strong"": ""H4474"", ""count"": 1}, {""strong"": ""G2963"", ""count"": 1}, {""strong"": ""G0932"", ""count"": 1}]"
200,200,energy,Medium Confidence,Spiritual/Active Working,,In Progress,,,"Added 2026-03-17: identified via STEP Bible testing during Col 2:8 exegetical review. 'Energy' as a translation gloss for energeia/energēs covers the active-working dimension of power — used in the NT for both divine working within the inner person AND Satanic active working. This dual usage makes it particularly significant for understanding what operates on the inner being. Primary Greek terms expected: G1753 energeia (active energy/working — Phil 3:21 divine working; 2 Thess 2:9,11 Satanic working; Eph 1:19; Col 1:29), G1754 energeō (to work/be active — Gal 2:8; 5:6), G1756 energēs (effective/active — 1 Cor 16:9; Heb 4:12 — the word of God as energēs). Medium confidence: 'energy' may not be a common translation gloss in all versions — Session A should verify which English translations use this term and identify the primary gloss. If 'energy' proves too narrow as an entry point, may need to fold into #196 power with a sub-note. Cross-links: power (#196), transformation (#161), spiritual powers (#195).",1,2026-03-18T13:41:49,RUN-20260318_134133-BULK_GAP_FILL,0,0,"[{""strong"": ""G1753"", ""count"": 1}]"
201,201,image,Session A v9 Gap Analysis,Anthropology,RUN-20260318_150513-NEW_WORD,Complete,,,"GAP — New entry. Replaces ""image of God"" (#84). Priority 1. Primary anchor: H6754 (tselem, image/likeness; 17 occurrences — Gen 1:26-27 central). Supporting: H1823 (demuth, likeness; 25 occurrences); G1504 (eikōn, image; 23 NT occurrences — Col 1:15, 2 Cor 4:4, Rom 8:29). HIGHEST PRIORITY GAP — imago Dei terms absent from all existing registries. Foundational to the entire anthropological framework. Source: Session-A-v9-Empty-Words-Analysis-20260318.",1,2026-03-18T15:08:09,RUN-20260318_150513-NEW_WORD,3,57,"[{""strong"":""H6754""},{""strong"":""H1823""},{""strong"":""G1504""}]"
202,202,transformation,Session A v9 Gap Analysis,Inner Life,RUN-20260318_150829-NEW_WORD,Complete,,,"GAP — New entry. Replaces ""transformation"" (#161). Priority 2. Primary anchor: G3339 (metamorphoō, to transform; 4 occurrences — Rom 12:2, 2 Cor 3:18, Matt 17:2, Mk 9:2). Supporting: G0342 (anakainōsis, renewal/transformation; 2 occurrences — Rom 12:2, Tit 3:5); G3345 (metaschēmatizō; 5 occurrences); H2498 (chalaph, to renew/pass through; ~29 occurrences). High theological priority — Romans 12:2 anchor. Links with renewal (#134) and likeness (#25 new). Source: Session-A-v9-Empty-Words-Analysis-20260318.",1,2026-03-18T15:11:05,RUN-20260318_150829-NEW_WORD,3,36,"[{""strong"":""G3339""},{""strong"":""G0342""},{""strong"":""G3345""},{""strong"":""H2498""}]"
203,203,treachery,Session A v9 Gap Analysis,Sin & Vice,RUN-20260318_151236-NEW_WORD,Complete,,,"GAP — New entry. Replaces ""betrayal"" (#12). Priority 3. Primary anchor: H0898 (bagad, to act treacherously; 51 occurrences). Supporting: H4820 (mirmah, deceit in covenant contexts; 39 occurrences); G4273 (prodotēs, traitor; 3 NT occurrences). Betrayal as relational breach of covenantal trust is distinct from deceit. H0898 concentrated in Psalms and prophets. ""Treachery"" is more precise; ""betrayal"" is registry heading. Source: Session-A-v9-Empty-Words-Analysis-20260318.",1,2026-03-18T15:12:36,RUN-20260318_151236-NEW_WORD,1,3,"[{""strong"":""H0898""},{""strong"":""H4820""},{""strong"":""G4273""}]"
204,204,name,Session A v9 Gap Analysis,Anthropology,RUN-20260318_151313-NEW_WORD,In Progress,,,"GAP — New entry. Replaces ""identity"" (#82). Priority 4. Primary anchor: H8034 (shem, name/identity/character; 864 occurrences). Supporting: G3686 (onoma, name; 228 NT occurrences, particularly in identity and revelation contexts); H3045 (yada, to know — God's knowing of persons). In biblical anthropology a person's name is their identity — character, reputation, relational standing before God. H8034 is one of the most frequent Hebrew terms; rich inner-being dimension (Prov 22:1; Isa 43:1; Rev 2:17). Source: Session-A-v9-Empty-Words-Analysis-20260318.",1,2026-03-18T15:13:15,RUN-20260318_151313-NEW_WORD,2,484,"[{""strong"":""H8034""},{""strong"":""G3686""}]"
205,205,resentment,Session A v9 Gap Analysis,Emotion,RUN-20260318_151336-NEW_WORD,In Progress,,,"GAP — New entry. Replaces ""resentment"" (#136). Priority 5. Primary anchor: H7107 (qatsaph, to be wrathful/resentful; 46 occurrences). Supporting: H5006 (na'ats, to spurn with contempt; 25 occurrences); G3949 (parorgizō, to provoke to resentment; 2 NT occurrences). Distinct from anger (#4) in temporal persistence and from bitterness (#13) in relational direction. H7107 not covered in any existing registry. Primary verse set in Psalms and prophets. Source: Session-A-v9-Empty-Words-Analysis-20260318.",1,2026-03-18T15:13:36,RUN-20260318_151336-NEW_WORD,0,0,"[{""strong"":""H7107""},{""strong"":""H5006""},{""strong"":""G3949""}]"
206,206,vulnerability,Session A v9 Gap Analysis,Anthropology,RUN-20260318_151346-NEW_WORD,In Progress,,,"GAP — New entry. Replaces ""vulnerability"" (#169). Priority 6. Primary anchor: H6168 (arah, to lay bare/expose; ~15 occurrences). Supporting: H6174 (arom, naked/exposed; 16 occurrences); G1131 (gymnos, naked/vulnerable; 15 NT occurrences — including Heb 4:13 ""naked and laid bare before God""). Inner state of being uncovered and exposed before God and before others. Heb 4:13 provides strong NT theological basis. ""Vulnerability"" is a modern overlay on the nakedness/exposure word family. Source: Session-A-v9-Empty-Words-Analysis-20260318.",1,2026-03-18T15:13:46,RUN-20260318_151346-NEW_WORD,3,44,"[{""strong"":""H6168""},{""strong"":""H6174""},{""strong"":""G1131""}]"
207,207,blindness (spiritual),Session A v9 Gap Analysis,Sin & Vice,RUN-20260318_151929-NEW_WORD,Complete,,,"GAP — New entry. Replaces ""darkening"" (#37). Priority 7. Primary anchor: G4656 (skotizō, to darken; 8 occurrences — including Rom 1:21, Rev 9:2). Supporting: G4457 (pōrōsis, hardening/blindness; 3 occurrences — Mk 3:5, Rom 11:25, Eph 4:18); G5185 (tuphlos, blind, in inner-state uses); H6272 (atam, to be darkened; rare). Darkening of mind and heart as inner-being state (Rom 1:21, Eph 4:18) not represented in any existing registry. Distinct from hardness (#74) in cognitive/perceptive dimension. Source: Session-A-v9-Empty-Words-Analysis-20260318.",1,2026-03-18T15:19:29,RUN-20260318_151929-NEW_WORD,2,47,"[{""strong"":""G4656""},{""strong"":""G4457""},{""strong"":""G5185""}]"
208,208,sloth,Session A v9 Gap Analysis,Sin & Vice,RUN-20260318_151940-NEW_WORD,In Progress,,,"GAP — New entry. Replaces ""laziness"" (#101). Priority 8. Primary anchor: H6103 (atslah, slothfulness; 15 occurrences — concentrated in Proverbs). Supporting: H6102 (atsel, sluggard; 14 occurrences — Proverbs); H7503 (raphah, to be slack/let drop; ~46 occurrences); G3636 (oknēros, lazy/slothful; 3 NT occurrences). Clearly defined semantic field not covered by existing entries. Proverbs concentration makes this significant wisdom-literature inner-being term. Source: Session-A-v9-Empty-Words-Analysis-20260318.",1,2026-03-18T15:19:41,RUN-20260318_151940-NEW_WORD,4,64,"[{""strong"":""H6103""},{""strong"":""H6102""},{""strong"":""H7503""},{""strong"":""G3636""}]"
209,209,likeness,Session A v9 Gap Analysis,Anthropology,RUN-20260318_152012-NEW_WORD,Complete,,,"GAP — New entry. Replaces ""conformity"" (#25). Priority 9. Primary anchor: G3339 (metamorphoō, to transform/be conformed; 6 occurrences). Supporting: G4833 (symmorphos, conformed to; 2 occurrences — Rom 8:29, Phil 3:21); G3345 (metaschēmatizō, to change form; 5 occurrences); H1823 (demuth, likeness). Inner transformation into Christlikeness is a distinct and high-value theological concept not covered by any existing entry. Links naturally with transformation (#161 new). Source: Session-A-v9-Empty-Words-Analysis-20260318.",1,2026-03-18T15:20:12,RUN-20260318_152012-NEW_WORD,1,1,"[{""strong"":""G4833""},{""strong"":""G3339""},{""strong"":""G3345""},{""strong"":""H1823""}]"
210,210,deadness,Session A v9 Gap Analysis,Sin & Vice,RUN-20260318_152056-NEW_WORD,In Progress,,,"GAP — New entry. Replaces ""deadness"" (#38). Priority 10. Primary anchor: G3498 (nekros in inner-state sense — Eph 2:1, Col 2:13; ~7 targeted verses). Supporting: H4191 (muth in spiritual-death contexts); G2348 (thnēskō, to die, in spiritual uses). Spiritual deadness as inner state is distinct anthropological category in Paul's theology. Related to hardness (#74) but semantically separate — deadness describes absence of spiritual life while hardness describes resistance. Small but theologically significant verse set. Source: Session-A-v9-Empty-Words-Analysis-20260318.",1,2026-03-18T15:20:58,RUN-20260318_152056-NEW_WORD,3,425,"[{""strong"":""G3498""},{""strong"":""H4191""},{""strong"":""G2348""}]"
211,211,being,Session A v9 Gap Analysis,Anthropology,RUN-20260318_152124-NEW_WORD,In Progress,,,"GAP — New entry. Replaces ""personhood"" (#119). Priority 11. Primary anchor: H5315 (nephesh as the ontological living being — distinct from nephesh as soul/inner life). Supporting: G5590 (psychē as the individuated self — distinct from psychē as soul/emotion). Partially overlaps with soul (#182) but the ontological dimension of personhood (the person as a whole being, not just their inner life) deserves explicit treatment. First confirm whether soul (#182) covers the personhood dimension of nephesh explicitly; if so, this entry may be merged. Source: Session-A-v9-Empty-Words-Analysis-20260318.",1,2026-03-18T15:21:24,RUN-20260318_152124-NEW_WORD,0,0,"[{""strong"":""H5315""},{""strong"":""G5590""}]"
