category,mti_id,strongs,transliteration,gloss,reg_no,word,verses
GENERIC_VERB,621,H3318G,ya.tsa,to come out: come,185,flesh,323
GENERIC_VERB,1101,H4672,ma.tsa,to find,140,seeking,320
GENERIC_VERB,1379,H4191,mut,to die,210,deadness,299
GENERIC_VERB,1340,H0935G,bo,to come [in]: come,198,might,296
GENERIC_VERB,1228,H6213A,a.sah,to make: do,173,will,263
GENERIC_VERB,2872,H7235A,ra.vah,to multiply,197,authority,211
GENERIC_VERB,6075,H5493G,sur,to turn aside: remove,128,rebellion,139
GENERIC_VERB,1029,H3034,ya.dah,to give thanks,121,praise,106
GENERIC_VERB,3173,H3722B,ka.phar,to cover,111,mercy,93
GENERIC_VERB,6076,H5493I,sur,to turn aside: turn aside,128,rebellion,81
GENERIC_VERB,6895,H5324,na.tsav,to stand,187,strength,75
GENERIC_VERB,6077,H5493H,sur,to turn aside: depart,128,rebellion,66
GENERIC_VERB,1233,H7665,sha.var,to break,173,will,61
GENERIC_VERB,639,G3618,oikodomeō,to build,187,strength,38
GENERIC_VERB,1177,G2233,hēgeomai,to govern,160,thought,27
GENERIC_VERB,7093,H5954,a.lal,to come,187,strength,13
GENERIC_VERB,6839,G1929,epididōmi,to give/deliver,180,yielding,10
GENERIC_VERB,1380,G2348,thnēskō,to die/be dead,210,deadness,10
GENERIC_VERB,6896,H5312,ne.phaq,to go out,187,strength,9
GENERIC_VERB,6514,G4350,proskoptō,to strike,157,temptation,8
GENERIC_VERB,2870,G1291,diastellō,to give orders,197,authority,7
GENERIC_VERB,7064,G2026,epoikodomeō,to build up/upon,187,strength,7
GENERIC_VERB,6732,H7737B,sha.vah,to set,177,worth,7
GENERIC_VERB,3578,H7896K,shit,to set: consider,112,mind,7
GENERIC_VERB,6037,H1342,ga.ah,to rise up,123,pride,5
GENERIC_VERB,6845,G1433,dōreō,to give,180,yielding,3
GENERIC_VERB,7422,G3499,nekroō,to put to death,210,deadness,3
GENERIC_VERB,7430,G4880,sunapothnēskō,to die with,210,deadness,3
GENERIC_VERB,1012,G2875,koptō,to cut/mourn,113,mourning,2
GENERIC_VERB,6586,H6589,pa.saq,to open,162,transgression,2
GENERIC_VERB,6848,G4272,prodidōmi,to give in advance,180,yielding,1
NEEDS_ASSESSMENT,1366,H8034,shem,name,204,name,364
NEEDS_ASSESSMENT,1299,H1288,ba.rakh,to bless,194,blessing,249
NEEDS_ASSESSMENT,1203,H8085G,sha.ma,to hear: hear,166,understanding,228
NEEDS_ASSESSMENT,1180,H2142,za.khar,to remember,160,thought,215
NEEDS_ASSESSMENT,579,H3824,le.vav,heart,183,heart,207
NEEDS_ASSESSMENT,4379,H8104G,sha.mar,to keep: obey,112,mind,195
NEEDS_ASSESSMENT,6025,H7311A,rum,to exalt,123,pride,184
NEEDS_ASSESSMENT,3095,H5159,na.cha.lah,inheritance,173,will,183
NEEDS_ASSESSMENT,1041,H0259,e.chad,one,121,praise,181
NEEDS_ASSESSMENT,1382,H5315H,ne.phesh,soul: life,182,Soul,180
NEEDS_ASSESSMENT,1223,H7563,ra.sha,wicked,172,wickedness,180
NEEDS_ASSESSMENT,1381,H5315G,ne.phesh,soul,182,Soul,179
NEEDS_ASSESSMENT,6699,H0176B,o,desire,175,wonder,175
NEEDS_ASSESSMENT,6826,H2233H,ze.ra,seed: children,180,yielding,160
NEEDS_ASSESSMENT,1102,H0595,a.no.khi,I,140,seeking,156
NEEDS_ASSESSMENT,1100,H1875,da.rash,to seek,140,seeking,152
NEEDS_ASSESSMENT,7423,H4194,ma.vet,death,210,deadness,151
NEEDS_ASSESSMENT,4380,H8104H,sha.mar,to keep: guard,112,mind,151
NEEDS_ASSESSMENT,6715,H5647H,a.vad,to serve: minister,176,worship,142
NEEDS_ASSESSMENT,419,H5117,nu.ach,to rest,117,peace,140
NEEDS_ASSESSMENT,7013,H0352A,a.yil,ram,187,strength,139
NEEDS_ASSESSMENT,7021,H0352C,a.yil,leader,187,strength,139
NEEDS_ASSESSMENT,7022,H0352D,a.yil,terebinth,187,strength,139
NEEDS_ASSESSMENT,1309,H3709G,kaph,palm,196,power,133
NEEDS_ASSESSMENT,528,H2450,cha.kham,wise,174,wisdom,127
NEEDS_ASSESSMENT,609,G0040G,hagios,holy,184,spirit,120
NEEDS_ASSESSMENT,2764,G1410,dunamai,be able,197,authority,120
NEEDS_ASSESSMENT,598,G2588,kardia,heart,183,heart,120
NEEDS_ASSESSMENT,1367,G3686,onoma,name,204,name,120
NEEDS_ASSESSMENT,613,G4151G,pneuma,spirit/breath: breath,184,spirit,120
NEEDS_ASSESSMENT,6965,H3581B,ko.ach,strength,187,strength,120
NEEDS_ASSESSMENT,1378,G3498,nekros,dead,210,deadness,116
NEEDS_ASSESSMENT,6899,H1431,ga.dal,to magnify,187,strength,114
NEEDS_ASSESSMENT,2856,H3678G,kis.se,throne,197,authority,114
NEEDS_ASSESSMENT,313,H0954,bosh,be ashamed,146,shame,113
NEEDS_ASSESSMENT,1216,H3477G,ya.shar,upright:right,168,uprightness,113
NEEDS_ASSESSMENT,632,H3190,ya.tav,be good,186,gladness,110
NEEDS_ASSESSMENT,1302,H0410G,el,God,196,power,107
NEEDS_ASSESSMENT,1339,H3627,ke.li,article/utensil,198,might,104
NEEDS_ASSESSMENT,7029,H2428A,cha.yil,strength: soldiers,187,strength,101
NEEDS_ASSESSMENT,4333,H1984B,ha.lal,to boast: praise,121,praise,99
NEEDS_ASSESSMENT,1186,G2919,krinō,to judge,160,thought,97
NEEDS_ASSESSMENT,6634,H3162B,ya.che.dav,together,167,unity,97
NEEDS_ASSESSMENT,7427,G2288,thanatos,death,210,deadness,96
NEEDS_ASSESSMENT,6050,H5012,na.va,to prophesy,124,prophecy,95
NEEDS_ASSESSMENT,682,G1849,exousia,authority,187,strength,93
NEEDS_ASSESSMENT,3169,H3722A,kip.per,to atone,111,mercy,93
NEEDS_ASSESSMENT,5949,H2015,ha.phakh,to overturn,120,perverseness,92
NEEDS_ASSESSMENT,675,H5797,oz,strength,187,strength,91
NEEDS_ASSESSMENT,1197,G0225,alētheia,truth,164,truthfulness,90
NEEDS_ASSESSMENT,85,H0753,o.rekh,length,116,patience,90
NEEDS_ASSESSMENT,1089,H6588,pe.sha,transgression,128,rebellion,90
NEEDS_ASSESSMENT,1358,G0932,basileia,kingdom,199,dominion,88
NEEDS_ASSESSMENT,1252,H5647G,a.vad,to serve,176,worship,88
NEEDS_ASSESSMENT,2883,H6485A,pa.qad,to reckon: list,197,authority,88
NEEDS_ASSESSMENT,6044,G4396,profētēs,prophet,124,prophecy,87
NEEDS_ASSESSMENT,1063,H2889,ta.hor,pure,125,purity,87
NEEDS_ASSESSMENT,1149,H5462,sa.gar,to shut,156,surrender,87
NEEDS_ASSESSMENT,7030,H2428G,cha.yil,strength,187,strength,86
NEEDS_ASSESSMENT,1308,H3201,ya.khol,be able,196,power,86
NEEDS_ASSESSMENT,426,G1515,eirēnē,peace,117,peace,84
NEEDS_ASSESSMENT,643,H2220,ze.ro.a,arm,187,strength,84
NEEDS_ASSESSMENT,1221,H2181,za.nah,to fornicate,171,whoredom,83
NEEDS_ASSESSMENT,1384,H5315J,ne.phesh,soul: person,182,Soul,83
NEEDS_ASSESSMENT,6835,G3860,paradidōmi,to deliver,180,yielding,82
NEEDS_ASSESSMENT,1056,G4336,proseuchomai,to pray,122,prayer,81
NEEDS_ASSESSMENT,6057,H2891,ta.her,be pure,125,purity,79
NEEDS_ASSESSMENT,1276,H7043,qa.lal,to lighten,190,contempt,79
NEEDS_ASSESSMENT,451,H7725O,shuv,to return: repent,135,repentance,77
NEEDS_ASSESSMENT,4382,H8104J,sha.mar,to keep: careful,112,mind,75
NEEDS_ASSESSMENT,6429,H2491A,cha.lal,slain: killed,151,sorrow,74
NEEDS_ASSESSMENT,6435,H2491B,cha.lal,profaned,151,sorrow,74
NEEDS_ASSESSMENT,1356,H4910,ma.shal,to rule,199,dominion,74
NEEDS_ASSESSMENT,6719,H5656H,a.vo.dah,service: ministry,176,worship,73
NEEDS_ASSESSMENT,322,H2781,cher.pah,reproach,146,shame,72
NEEDS_ASSESSMENT,134,H2490H,cha.lal,to profane/begin,151,sorrow,71
NEEDS_ASSESSMENT,2837,G2962H,kurios,lord: master,197,authority,69
NEEDS_ASSESSMENT,1244,H6381,pa.la,to wonder,175,wonder,69
NEEDS_ASSESSMENT,6750,H6186A,a.rakh,to arrange,177,worth,67
NEEDS_ASSESSMENT,6753,H6186B,a.rakh,to value,177,worth,67
NEEDS_ASSESSMENT,74,H0205G,a.ven,evil: trouble,151,sorrow,66
NEEDS_ASSESSMENT,445,H5162G,na.cham,to be sorry: comfort,135,repentance,66
NEEDS_ASSESSMENT,7054,G3614G,oikia,home,187,strength,65
NEEDS_ASSESSMENT,2988,H1168I,ba.al,[Bamoth]-baal,199,dominion,64
NEEDS_ASSESSMENT,410,H1293,be.ra.khah,blessing,117,peace,64
NEEDS_ASSESSMENT,6935,H1397,ga.ver,great man,187,strength,64
NEEDS_ASSESSMENT,2782,G0757,archō,be first,197,authority,63
NEEDS_ASSESSMENT,6026,H8641,te.ru.mah,contribution,123,pride,63
NEEDS_ASSESSMENT,651,H1369,ge.vu.rah,might,187,strength,61
NEEDS_ASSESSMENT,519,H7919A,sa.khal,be prudent,174,wisdom,61
NEEDS_ASSESSMENT,1352,G1096,ginomai,to be,198,might,60
NEEDS_ASSESSMENT,1239,G1510,eimi,to be,173,will,60
NEEDS_ASSESSMENT,1105,G1537,ek,out from,140,seeking,60
NEEDS_ASSESSMENT,1266,G5342,ferō,to bear/lead,180,yielding,60
NEEDS_ASSESSMENT,1346,H1768,di,that,198,might,60
NEEDS_ASSESSMENT,6332,H4043,ma.gen,shield,151,sorrow,60
NEEDS_ASSESSMENT,6545,H5707,ed,witness,159,testimony,60
NEEDS_ASSESSMENT,1163,H5715,e.dut,testimony,159,testimony,59
NEEDS_ASSESSMENT,1190,H1097,be.li,without,162,transgression,57
NEEDS_ASSESSMENT,5990,H4210,miz.mor,melody,121,praise,57
NEEDS_ASSESSMENT,3094,H5157,na.chal,to inherit,173,will,57
NEEDS_ASSESSMENT,1027,H8416,te.hil.lah,praise,121,praise,57
NEEDS_ASSESSMENT,1328,G0746,archē,beginning,197,authority,55
NEEDS_ASSESSMENT,1068,H4399,me.la.khah,work,126,purpose,55
NEEDS_ASSESSMENT,1249,G4352,proskuneō,to worship,176,worship,54
NEEDS_ASSESSMENT,1265,H2232,za.ra,to sow,180,yielding,54
NEEDS_ASSESSMENT,1224,H3644G,ke.mo,like,172,wickedness,54
NEEDS_ASSESSMENT,1350,G3779,houtōs,thus(-ly),198,might,53
NEEDS_ASSESSMENT,2882,H6485J,pa.qad,to reckon: overseer,197,authority,53
NEEDS_ASSESSMENT,1194,G3982,peithō,to persuade,163,trust,52
NEEDS_ASSESSMENT,1073,H4284,ma.cha.sha.vah,plot,126,purpose,52
NEEDS_ASSESSMENT,165,H4791,ma.rom,height,123,pride,52
NEEDS_ASSESSMENT,6425,H2490C,cha.lal,to profane/begin: begin,151,sorrow,50
NEEDS_ASSESSMENT,1047,G1391,doxa,glory,121,praise,49
NEEDS_ASSESSMENT,532,G4678,sofia,wisdom,174,wisdom,49
NEEDS_ASSESSMENT,2885,H6485H,pa.qad,to reckon: punish,197,authority,48
NEEDS_ASSESSMENT,1169,H0226G,ot,sign: miraculous,159,testimony,47
NEEDS_ASSESSMENT,118,H2256M,che.vel,pain,151,sorrow,47
NEEDS_ASSESSMENT,1267,G0591,apodidōmi,to pay,180,yielding,46
NEEDS_ASSESSMENT,1372,G5185,tuflos,blind,207,blindness (spiritual),46
NEEDS_ASSESSMENT,1391,G5590G,psuchē,soul,182,Soul,46
NEEDS_ASSESSMENT,6208,H6113,a.tsar,to restrain,142,self-control,46
NEEDS_ASSESSMENT,98,H1347,ga.on,pride,123,pride,45
NEEDS_ASSESSMENT,1386,H5315L,ne.phesh,soul: appetite,182,Soul,45
NEEDS_ASSESSMENT,1375,H7503,ra.phah,to slacken,208,sloth,45
NEEDS_ASSESSMENT,2584,H5207,ni.cho.ach,soothing,117,peace,44
NEEDS_ASSESSMENT,1171,G3056,logos,word,159,testimony,43
NEEDS_ASSESSMENT,641,G4991,soteria,salvation,187,strength,43
NEEDS_ASSESSMENT,408,H2790B,cha.resh,be quiet,117,peace,43
NEEDS_ASSESSMENT,3334,H2803I,cha.shav,to devise: devise,112,mind,43
NEEDS_ASSESSMENT,1209,H3162A,ya.chad,unitedness,167,unity,43
NEEDS_ASSESSMENT,6992,H6967,qo.mah,height,187,strength,43
NEEDS_ASSESSMENT,524,H8394,te.vu.nah,understanding,174,wisdom,42
NEEDS_ASSESSMENT,676,H0553,am.mits,strong,187,strength,41
NEEDS_ASSESSMENT,1196,H0983,be.tach,security,163,trust,41
NEEDS_ASSESSMENT,1031,H2167,za.mar,to sing,121,praise,41
NEEDS_ASSESSMENT,1335,H4592,me.at,little,198,might,41
NEEDS_ASSESSMENT,1142,H7230,rov,abundance,152,strife,41
NEEDS_ASSESSMENT,418,H8252,sha.qat,to quiet,117,peace,41
NEEDS_ASSESSMENT,1298,G2127,eulogeō,to praise/bless,194,blessing,40
NEEDS_ASSESSMENT,7407,H6172,er.vah,nakedness,206,vulnerability,40
NEEDS_ASSESSMENT,2886,H6485I,pa.qad,to reckon: visit,197,authority,40
NEEDS_ASSESSMENT,1079,G5056,telos,goal/tax,126,purpose,39
NEEDS_ASSESSMENT,1344,H1934,ha.va,to be,198,might,39
NEEDS_ASSESSMENT,3410,G3049,logizomai,to count,160,thought,38
NEEDS_ASSESSMENT,7181,G3842,pantote,always,191,doubt,38
NEEDS_ASSESSMENT,523,H0998,bi.nah,understanding,174,wisdom,38
NEEDS_ASSESSMENT,6828,H2233G,ze.ra,seed,180,yielding,38
NEEDS_ASSESSMENT,339,H2778A,cha.raph,to taunt,146,shame,38
NEEDS_ASSESSMENT,315,H3637,ka.lam,be humiliated,146,shame,38
NEEDS_ASSESSMENT,1116,G0264,hamartanō,to sin,147,sin,37
NEEDS_ASSESSMENT,1083,H6586,pa.sha,to transgress,128,rebellion,37
NEEDS_ASSESSMENT,2854,G0758,archōn,ruler,197,authority,36
NEEDS_ASSESSMENT,1053,G4335,proseuchē,prayer,122,prayer,36
NEEDS_ASSESSMENT,7031,H2428H,cha.yil,strength: rich,187,strength,36
NEEDS_ASSESSMENT,6546,H5749B,ud,to testify,159,testimony,36
NEEDS_ASSESSMENT,6333,H1588M,gan,garden,151,sorrow,35
NEEDS_ASSESSMENT,659,H4581,ma.oz,security,187,strength,35
NEEDS_ASSESSMENT,509,G1014,boulomai,to plan,43,desire,34
NEEDS_ASSESSMENT,1305,G1415,dunatos,able,196,power,34
NEEDS_ASSESSMENT,83,H0748,a.rakh,to prolong,116,patience,34
NEEDS_ASSESSMENT,3335,H2803H,cha.shav,to devise: count,112,mind,34
NEEDS_ASSESSMENT,446,H5162H,na.cham,to be sorry: relent,135,repentance,34
NEEDS_ASSESSMENT,7092,H5923,ol,yoke,187,strength,34
NEEDS_ASSESSMENT,1225,H7561,ra.sha,be wicked,172,wickedness,34
NEEDS_ASSESSMENT,1392,G5590H,psuchē,soul: life,182,Soul,33
NEEDS_ASSESSMENT,100,H1361,ga.vah,to exult,123,pride,33
NEEDS_ASSESSMENT,26,G2744,kauchaomai,to boast,123,pride,32
NEEDS_ASSESSMENT,447,G3340,metanoeo,to repent,135,repentance,32
NEEDS_ASSESSMENT,1148,G5293,hupotassō,to subject,155,submission,32
NEEDS_ASSESSMENT,4475,H3665,ka.na,be humble,211,being,32
NEEDS_ASSESSMENT,1240,G3195,mellō,to ensue,173,will,31
NEEDS_ASSESSMENT,62,G5281,hupomonē,perseverance,116,patience,31
NEEDS_ASSESSMENT,2981,H1167G,ba.al,master,199,dominion,31
NEEDS_ASSESSMENT,653,H6099,a.tsum,mighty,187,strength,31
NEEDS_ASSESSMENT,2889,H6486,pe.qud.dah,punishment,197,authority,31
NEEDS_ASSESSMENT,7432,G4655,skotos,darkness,207,blindness (spiritual),30
NEEDS_ASSESSMENT,1801,H4578,me.eh,belly,183,heart,30
NEEDS_ASSESSMENT,6716,H5647I,a.vad,to serve: labour,176,worship,30
NEEDS_ASSESSMENT,6720,H5656I,a.vo.dah,service: work,176,worship,30
NEEDS_ASSESSMENT,1039,H8426,to.dah,thanksgiving,121,praise,30
NEEDS_ASSESSMENT,2774,G1832,exesti exon,be permitted,197,authority,29
NEEDS_ASSESSMENT,683,G2480,ischuō,be strong,187,strength,29
NEEDS_ASSESSMENT,53,G4893,suneidesis,conscience,73,guilt,29
NEEDS_ASSESSMENT,6747,H0374,e.phah,ephah,177,worth,29
NEEDS_ASSESSMENT,325,H1322,bo.shet,shame,146,shame,29
NEEDS_ASSESSMENT,329,H3639,ke.lim.mah,shame,146,shame,29
NEEDS_ASSESSMENT,5929,H5594,sa.phad,to mourn,113,mourning,29
NEEDS_ASSESSMENT,1261,H6187,e.rekh,valuation,177,worth,29
NEEDS_ASSESSMENT,1343,H8074G,sha.mem,be desolate: destroyed,198,might,29
NEEDS_ASSESSMENT,4381,H8104I,sha.mar,to keep: look at,112,mind,29
NEEDS_ASSESSMENT,1290,G3874,paraklēsis,encouragement,192,comfort,28
NEEDS_ASSESSMENT,7048,H0860,a.ton,she-ass,187,strength,28
NEEDS_ASSESSMENT,688,G2478,ischuros,strong,187,strength,27
NEEDS_ASSESSMENT,6045,G4395,profēteuō,to prophesy,124,prophecy,27
NEEDS_ASSESSMENT,1364,H2498,cha.laph,to pass,202,transformation,27
NEEDS_ASSESSMENT,7112,H5956,a.lam,to conceal,187,strength,27
NEEDS_ASSESSMENT,6587,G0228,alēthinos,true,164,truthfulness,26
NEEDS_ASSESSMENT,7010,H1952,hon,substance,187,strength,26
NEEDS_ASSESSMENT,3336,H2803J,cha.shav,to devise: think,112,mind,26
NEEDS_ASSESSMENT,2951,H4436H,mal.kah,queen,199,dominion,26
NEEDS_ASSESSMENT,1124,H8552,ta.mam,to finish,147,sin,26
NEEDS_ASSESSMENT,6588,G0227,alēthēs,true,164,truthfulness,25
NEEDS_ASSESSMENT,1205,G4920,suniēmi,to understand,166,understanding,25
NEEDS_ASSESSMENT,3077,H5071,ne.da.vah,freewill offering,173,will,25
NEEDS_ASSESSMENT,6721,H5648,a.vad,to make,176,worship,25
NEEDS_ASSESSMENT,1332,H7161A,qe.ren,horn,198,might,25
NEEDS_ASSESSMENT,2975,H7860,sho.ter,official,199,dominion,25
NEEDS_ASSESSMENT,6936,H1396,ga.var,to prevail,187,strength,24
NEEDS_ASSESSMENT,1321,H1935,hod,splendor,197,authority,24
NEEDS_ASSESSMENT,2230,H5397,ne.sha.mah,breath,184,spirit,24
NEEDS_ASSESSMENT,674,H5794,e.zuz,strength,187,strength,24
NEEDS_ASSESSMENT,2890,H6490,piq.qud,precept,197,authority,24
NEEDS_ASSESSMENT,577,H7130H,qe.rev,entrails: inner parts,183,heart,24
NEEDS_ASSESSMENT,1129,H7270,ra.gal,to spy,149,slander,24
NEEDS_ASSESSMENT,985,H8467,te.chin.nah,supplication,111,mercy,24
NEEDS_ASSESSMENT,979,H2143,ze.kher,memorial,110,memory,23
NEEDS_ASSESSMENT,1086,H4775,ma.rad,to rebel,128,rebellion,23
NEEDS_ASSESSMENT,6722,H5656G,a.vo.dah,service,176,worship,23
NEEDS_ASSESSMENT,2336,G1189,deomai,to pray,122,prayer,22
NEEDS_ASSESSMENT,441,G3341,metanoia,repentance,135,repentance,22
NEEDS_ASSESSMENT,994,G3563,nous,mind,112,mind,22
NEEDS_ASSESSMENT,73,H0060,e.vel,mourning,151,sorrow,22
NEEDS_ASSESSMENT,1360,H1823,de.mut,likeness,201,image,22
NEEDS_ASSESSMENT,1272,H1832,dim.ah,tears,188,weeping,22
NEEDS_ASSESSMENT,3498,H2146,zik.ka.ron,memorial,112,mind,22
NEEDS_ASSESSMENT,417,H2790A,cha.rash,to plow/plot,117,peace,22
NEEDS_ASSESSMENT,1286,H2963,ta.raph,to tear,191,doubt,22
NEEDS_ASSESSMENT,7162,H2964,te.reph,prey,191,doubt,22
NEEDS_ASSESSMENT,1306,H3444,ye.shu.ah,salvation,196,power,22
NEEDS_ASSESSMENT,6547,H5713B,e.dah,testimony,159,testimony,22
NEEDS_ASSESSMENT,1322,H7287A,ra.dah,to rule,197,authority,22
NEEDS_ASSESSMENT,1251,G3000,latreuō,to minister,176,worship,21
NEEDS_ASSESSMENT,4413,G3415,mnaomai,to remember,112,mind,21
NEEDS_ASSESSMENT,4411,G3421,mnēmoneuō,to remember,112,mind,21
NEEDS_ASSESSMENT,2307,G4152,pneumatikos,spiritual,184,spirit,21
NEEDS_ASSESSMENT,4334,H1984H,ha.lal,to boast: boast,121,praise,21
NEEDS_ASSESSMENT,2585,H4496H,me.nu.chah,resting,117,peace,21
NEEDS_ASSESSMENT,6007,H4805H,me.ri,rebellion,123,pride,21
NEEDS_ASSESSMENT,3078,H5081H,na.div,noble,173,will,21
NEEDS_ASSESSMENT,1255,H8334,sha.rat,to minister,176,worship,21
NEEDS_ASSESSMENT,1361,G1504,eikōn,image,201,image,20
NEEDS_ASSESSMENT,1334,G4137,plēroō,to fulfill,198,might,20
NEEDS_ASSESSMENT,2521,H5251H,nes,ensign,117,peace,20
NEEDS_ASSESSMENT,4102,H8172,sha.an,to lean,163,trust,20
NEEDS_ASSESSMENT,2970,G2908,kreissōn,greater,187,strength,19
NEEDS_ASSESSMENT,6505,G3985H,peirazō,to test/tempt: test,157,temptation,19
NEEDS_ASSESSMENT,1060,G4394,profēteia,prophecy,124,prophecy,19
NEEDS_ASSESSMENT,4458,G4680,sofos,wise,174,wisdom,19
NEEDS_ASSESSMENT,996,G5426,froneō,to reason,112,mind,19
NEEDS_ASSESSMENT,7014,H0352B,a.yil,pillar,187,strength,19
NEEDS_ASSESSMENT,97,H1346,ga.a.vah,pride,123,pride,19
NEEDS_ASSESSMENT,7032,H2423,che.va,beast,187,strength,19
NEEDS_ASSESSMENT,575,H2436G,cheq,bosom: embrace,183,heart,19
NEEDS_ASSESSMENT,6431,H2486,cha.li.lah,forbid,151,sorrow,19
NEEDS_ASSESSMENT,1174,H2803G,cha.shav,to devise: design,160,thought,19
NEEDS_ASSESSMENT,3055,H2974,ya.al,be willing,173,will,19
NEEDS_ASSESSMENT,1212,H4339,me.shar,uprightness,168,uprightness,19
NEEDS_ASSESSMENT,987,H6279,a.tar,to pray,111,mercy,19
NEEDS_ASSESSMENT,238,H7455,ro.a,evil,151,sorrow,19
NEEDS_ASSESSMENT,6589,G0230,alēthōs,truly,164,truthfulness,18
NEEDS_ASSESSMENT,2942,G0936,basileuō,to reign,199,dominion,18
NEEDS_ASSESSMENT,1127,G0988,blasfēmia,blasphemy,149,slander,18
NEEDS_ASSESSMENT,1285,G1252,diakrinō,to judge/doubt,191,doubt,18
NEEDS_ASSESSMENT,7057,G3619,oikodomē,building,187,strength,18
NEEDS_ASSESSMENT,6697,H2493,che.lem,dream,174,wisdom,18
NEEDS_ASSESSMENT,6892,H6105A,a.tsom,be vast,187,strength,18
NEEDS_ASSESSMENT,6893,H6105B,a.tsam,to shut eyes,187,strength,18
NEEDS_ASSESSMENT,6837,G1435,dōron,gift,180,yielding,17
NEEDS_ASSESSMENT,6748,H0370,a.yin,where?,177,worth,17
NEEDS_ASSESSMENT,314,H2659,cha.pher,be ashamed,146,shame,17
NEEDS_ASSESSMENT,6751,H4634,ma.a.ra.khah,rank,177,worth,17
NEEDS_ASSESSMENT,319,H7036,qa.lon,dishonor,146,shame,17
NEEDS_ASSESSMENT,1054,G1162,deēsis,petition,122,prayer,16
NEEDS_ASSESSMENT,2866,G1299,diatassō,to direct,197,authority,16
NEEDS_ASSESSMENT,61,G5278,hupomenō,to remain/endure,116,patience,16
NEEDS_ASSESSMENT,610,H0178,ov,medium,184,spirit,16
NEEDS_ASSESSMENT,101,H1363,go.vah,height,123,pride,16
NEEDS_ASSESSMENT,409,H2814,cha.shah,be silent,117,peace,16
NEEDS_ASSESSMENT,1318,H4475,mem.sha.lah,dominion,197,authority,16
NEEDS_ASSESSMENT,588,H5034B,na.vel,to wither,183,heart,16
NEEDS_ASSESSMENT,1229,H5352,na.qah,to clear,173,will,16
NEEDS_ASSESSMENT,525,H7922,se.khel,understanding,174,wisdom,16
NEEDS_ASSESSMENT,1370,G1131,gumnos,naked,206,vulnerability,15
NEEDS_ASSESSMENT,7058,G3625,oikoumenē,world,187,strength,15
NEEDS_ASSESSMENT,84,H0750,a.rekh,slow,116,patience,15
NEEDS_ASSESSMENT,6901,H1419K,ga.dol,great: old,187,strength,15
NEEDS_ASSESSMENT,2596,H1826H,da.mam,to silence: silent,117,peace,15
NEEDS_ASSESSMENT,1341,H2389,cha.zaq,strong,198,might,15
NEEDS_ASSESSMENT,3059,H5068,na.dav,be willing,112,mind,15
NEEDS_ASSESSMENT,1369,H6174,a.rom,naked,206,vulnerability,15
NEEDS_ASSESSMENT,2887,H6485K,pa.qad,to reckon: missing,197,authority,15
NEEDS_ASSESSMENT,6080,H6593,pe.shet,flax,128,rebellion,15
NEEDS_ASSESSMENT,1359,H6754,tse.lem,image,201,image,15
NEEDS_ASSESSMENT,7328,H6755,tse.lem,image,201,image,15
NEEDS_ASSESSMENT,1161,H8047G,sham.mah,horror: destroyed,158,terror,15
NEEDS_ASSESSMENT,1199,G0544,apeitheō,to disobey,165,unbelief,14
NEEDS_ASSESSMENT,1184,G1260,dialogizomai,to discuss,160,thought,14
NEEDS_ASSESSMENT,1081,G1261,dialogismos,reasoning,127,reasoning,14
NEEDS_ASSESSMENT,634,G2165,eufrainō,to celebrate,186,gladness,14
NEEDS_ASSESSMENT,33,G3115,makrothumia,patience,116,patience,14
NEEDS_ASSESSMENT,1192,G3900,paraptōma,trespass,162,transgression,14
NEEDS_ASSESSMENT,1020,G5218,hupakoē,obedience,114,obedience,14
NEEDS_ASSESSMENT,3459,G5429,fronimos,thoughtful,160,thought,14
NEEDS_ASSESSMENT,1301,G5486,charisma,gift,194,blessing,14
NEEDS_ASSESSMENT,6503,H0607,an.tah,you,156,surrender,14
NEEDS_ASSESSMENT,2982,H1167H,ba.al,master: husband,199,dominion,14
NEEDS_ASSESSMENT,1211,H3476,yo.sher,uprightness,168,uprightness,14
NEEDS_ASSESSMENT,6478,H4526,mis.ge.ret,perimeter,156,surrender,14
NEEDS_ASSESSMENT,1011,H4553,mis.ped,mourning,113,mourning,14
NEEDS_ASSESSMENT,518,H4905,mas.kil,Maskil,174,wisdom,14
NEEDS_ASSESSMENT,1374,H6102,a.tsel,sluggish,208,sloth,14
NEEDS_ASSESSMENT,1368,H6168,a.rah,to uncover,206,vulnerability,14
NEEDS_ASSESSMENT,1260,H7737A,sha.vah,be like,177,worth,14
NEEDS_ASSESSMENT,1080,G1256,dialegō,to dispute,127,reasoning,13
NEEDS_ASSESSMENT,665,H0202,on,strength,187,strength,13
NEEDS_ASSESSMENT,677,H0386,e.tan,strong,187,strength,13
NEEDS_ASSESSMENT,1280,H0959,ba.zah,to despise,190,contempt,13
NEEDS_ASSESSMENT,2983,H1167I,ba.al,master: men,199,dominion,13
NEEDS_ASSESSMENT,2984,H1167K,ba.al,master: [master of],199,dominion,13
NEEDS_ASSESSMENT,649,H1433,go.del,greatness,187,strength,13
NEEDS_ASSESSMENT,2601,H1820,da.mah,to cease,117,peace,13
NEEDS_ASSESSMENT,3039,H2086,zed,arrogant,123,pride,13
NEEDS_ASSESSMENT,130,H2442,cha.khah,to wait,116,patience,13
NEEDS_ASSESSMENT,6668,H2445,chak.kim,wise,174,wisdom,13
NEEDS_ASSESSMENT,3170,H3724A,ko.pher,ransom,111,mercy,13
NEEDS_ASSESSMENT,7156,H5039,ne.va.lah,folly,190,contempt,13
NEEDS_ASSESSMENT,1387,H5315M,ne.phesh,soul: dead,182,Soul,13
NEEDS_ASSESSMENT,1243,H6382,pe.le,wonder,175,wonder,13
NEEDS_ASSESSMENT,2891,H6496,pa.qid,overseer,197,authority,13
NEEDS_ASSESSMENT,7408,H8593,ta.ar,razor,206,vulnerability,13
NEEDS_ASSESSMENT,752,G1012,boulē,plan,32,counsel,12
NEEDS_ASSESSMENT,995,G1271,dianoia,mind,112,mind,12
NEEDS_ASSESSMENT,336,G2617,kataischunō,to dishonor,146,shame,12
NEEDS_ASSESSMENT,28,G2746,kauchēsis,pride,123,pride,12
NEEDS_ASSESSMENT,6506,G3985G,peirazō,to test/tempt: tempt,157,temptation,12
NEEDS_ASSESSMENT,1065,G4286,prothesis,purpose,126,purpose,12
NEEDS_ASSESSMENT,7433,G4653,skotia,darkness,207,blindness (spiritual),12
NEEDS_ASSESSMENT,1268,G4710,spoudē,diligence,181,zeal,12
NEEDS_ASSESSMENT,7015,H0361,e.lam,arches,187,strength,12
NEEDS_ASSESSMENT,7016,H0424,e.lah,oak,187,strength,12
NEEDS_ASSESSMENT,2314,H0577,a.n.na,Please!,212,pray,12
NEEDS_ASSESSMENT,6334,H1593,gan.nah,garden,151,sorrow,12
NEEDS_ASSESSMENT,1175,H1819,da.mah,to resemble,160,thought,12
NEEDS_ASSESSMENT,521,H2940,te.em,command,174,wisdom,12
NEEDS_ASSESSMENT,615,H5301,na.phach,to breathe,184,spirit,12
NEEDS_ASSESSMENT,527,H8454,tu.shiy.yah,wisdom,174,wisdom,12
NEEDS_ASSESSMENT,1042,H8462,te.chil.lah,beginning,121,praise,12
NEEDS_ASSESSMENT,1262,G0514,axios,worthy,177,worth,11
NEEDS_ASSESSMENT,1198,G0570,apistia,unbelief,165,unbelief,11
NEEDS_ASSESSMENT,6838,G1431,dōrea,free gift,180,yielding,11
NEEDS_ASSESSMENT,1279,G1848,exoutheneō,to reject,190,contempt,11
NEEDS_ASSESSMENT,1030,G1868,epainos,praise,121,praise,11
NEEDS_ASSESSMENT,27,G2745,kauchēma,pride,123,pride,11
NEEDS_ASSESSMENT,7222,G3554,nosos,illness,193,craving,11
NEEDS_ASSESSMENT,7352,G3687,onomazō,to name,204,name,11
NEEDS_ASSESSMENT,6504,G3986H,peirasmos,temptation/testing: testing,157,temptation,11
NEEDS_ASSESSMENT,423,G4623,siōpaō,be quiet,117,peace,11
NEEDS_ASSESSMENT,590,G4698,splanchnon,affection/entrails,183,heart,11
NEEDS_ASSESSMENT,4465,G4704,spoudazō,be eager,181,zeal,11
NEEDS_ASSESSMENT,4440,G5308,hupsēlos,high,211,being,11
NEEDS_ASSESSMENT,6046,G5578,pseudoprofētēs,false prophet,124,prophecy,11
NEEDS_ASSESSMENT,7017,H0354,ay.yal,deer,187,strength,11
NEEDS_ASSESSMENT,7018,H0355,ay.ya.lah,doe,187,strength,11
NEEDS_ASSESSMENT,76,H0585,a.na.chah,sighing,151,sorrow,11
NEEDS_ASSESSMENT,316,H0937,buz,contempt,146,shame,11
NEEDS_ASSESSMENT,2980,H1166I,ba.al,rule: to marry,199,dominion,11
NEEDS_ASSESSMENT,6903,H1420,ge.dul.lah,greatness,187,strength,11
NEEDS_ASSESSMENT,112,H2087,za.don,arrogance,123,pride,11
NEEDS_ASSESSMENT,1098,H2487,cha.li.phah,change,134,renewal,11
NEEDS_ASSESSMENT,6058,H2893,to.ho.rah,purifying,125,purity,11
NEEDS_ASSESSMENT,1152,H4288,me.chit.tah,terror,158,terror,11
NEEDS_ASSESSMENT,1250,H5457,se.gid,to do homage,176,worship,11
NEEDS_ASSESSMENT,644,H5810,a.zaz,be strong,187,strength,11
NEEDS_ASSESSMENT,6209,H6116,a.tsa.rah,assembly,142,self-control,11
NEEDS_ASSESSMENT,4487,H6175,a.rum,prudent,174,wisdom,11
NEEDS_ASSESSMENT,623,G0766,aselgeia,debauchery,185,flesh,10
NEEDS_ASSESSMENT,1099,G1345,dikaiōma,righteous act,139,righteousness,10
NEEDS_ASSESSMENT,2803,G2004,epitassō,to command,197,authority,10
NEEDS_ASSESSMENT,686,G2479,ischus,strength,187,strength,10
NEEDS_ASSESSMENT,7060,G3623,oikonomos,manager,187,strength,10
NEEDS_ASSESSMENT,7182,G3841,pantokratōr,almighty,191,doubt,10
NEEDS_ASSESSMENT,5950,H2023G,hor,[Mount] Hor,120,perverseness,10
NEEDS_ASSESSMENT,1220,H2183,ze.nu.nim,fornication,171,whoredom,10
NEEDS_ASSESSMENT,585,H2504,cha.lats,loin,183,heart,10
NEEDS_ASSESSMENT,7414,H5903,e.rom,naked,206,vulnerability,10
NEEDS_ASSESSMENT,1347,H7337,ra.chav,to enlarge,198,might,10
NEEDS_ASSESSMENT,413,H7600,sha.a.nan,secure,117,peace,10
NEEDS_ASSESSMENT,2805,H7990,shal.lit,ruling,197,authority,10
NEEDS_ASSESSMENT,1145,H8307,she.ri.rut,stubbornness,153,stubbornness,10
NEEDS_ASSESSMENT,1024,H8419,tah.pu.khah,perversity,120,perverseness,10
NEEDS_ASSESSMENT,3082,G0139,hairesis,sect,173,will,9
NEEDS_ASSESSMENT,333,G1788,entrepō,to cause shame,146,shame,9
NEEDS_ASSESSMENT,1139,G2054,eris,quarrel,152,strife,9
NEEDS_ASSESSMENT,32,G3114,makrothumeō,to have patience,116,patience,9
NEEDS_ASSESSMENT,7063,G3622,oikonomia,management,187,strength,9
NEEDS_ASSESSMENT,1150,G3986G,peirasmos,temptation/testing: temptation,157,temptation,9
NEEDS_ASSESSMENT,425,G4601,sigaō,be silent,117,peace,9
NEEDS_ASSESSMENT,1287,H0551,om.nam,truly,191,doubt,9
NEEDS_ASSESSMENT,2985,H1167J,ba.al,master: owning,199,dominion,9
NEEDS_ASSESSMENT,95,H1343,ge.eh,proud,123,pride,9
NEEDS_ASSESSMENT,6937,H1404,ge.ve.ret,lady,187,strength,9
NEEDS_ASSESSMENT,2597,H1826A,da.mam,to silence: stationary,117,peace,9
NEEDS_ASSESSMENT,4331,H1984C,ha.lal,to be foolish,112,mind,9
NEEDS_ASSESSMENT,1222,H2184,ze.nut,fornication,171,whoredom,9
NEEDS_ASSESSMENT,6948,H3286,ya.eph,to faint,187,strength,9
NEEDS_ASSESSMENT,2953,H4468,mam.la.khut,kingdom,199,dominion,9
NEEDS_ASSESSMENT,6752,H4635,ma.a.re.khet,row,177,worth,9
NEEDS_ASSESSMENT,1355,H7985,shol.tan,dominion,199,dominion,9
NEEDS_ASSESSMENT,6053,G0053,hagnos,pure,125,purity,8
NEEDS_ASSESSMENT,7081,G0949,bebaios,firm,187,strength,8
NEEDS_ASSESSMENT,7082,G0950,bebaioō,to confirm,187,strength,8
NEEDS_ASSESSMENT,1001,G1106,gnōmē,resolution,112,mind,8
NEEDS_ASSESSMENT,694,G1743,endunamoō,to strengthen,187,strength,8
NEEDS_ASSESSMENT,3370,G1950,epilanthanō,to forget,112,mind,8
NEEDS_ASSESSMENT,7434,G4654,skotizō,to darken,207,blindness (spiritual),8
NEEDS_ASSESSMENT,2867,G5021,tassō,to appoint,197,authority,8
NEEDS_ASSESSMENT,431,G5392,fimoō,to muzzle,117,peace,8
NEEDS_ASSESSMENT,1394,G5590J,psuchē,soul: person,182,Soul,8
NEEDS_ASSESSMENT,6966,H0394,akh.za.ri,cruel,187,strength,8
NEEDS_ASSESSMENT,7019,H0436H,e.lon,terebinth,187,strength,8
NEEDS_ASSESSMENT,605,H1100I,be.liy.ya.al,Belial: worthless,184,spirit,8
NEEDS_ASSESSMENT,99,H1348,ge.ut,majesty,123,pride,8
NEEDS_ASSESSMENT,6040,H1358,gov,den,123,pride,8
NEEDS_ASSESSMENT,421,H2013,has,to silence,117,peace,8
NEEDS_ASSESSMENT,6829,H2233I,ze.ra,seed: semen,180,yielding,8
NEEDS_ASSESSMENT,1151,H2851,chit.tit,terror,158,terror,8
NEEDS_ASSESSMENT,3171,H3725,kip.pu.rim,atonement,111,mercy,8
NEEDS_ASSESSMENT,2954,H4436G,mal.kah,Queen [of Sheba],199,dominion,8
NEEDS_ASSESSMENT,2810,H4911B,ma.shal,to use a proverb,197,authority,8
NEEDS_ASSESSMENT,1082,H5627,sa.rah,revolt,128,rebellion,8
NEEDS_ASSESSMENT,6995,H7054,qa.mah,standing grain,187,strength,8
NEEDS_ASSESSMENT,612,H7496,re.pha.im,shade,184,spirit,8
NEEDS_ASSESSMENT,6054,G0048,hagnizō,to purify,125,purity,7
NEEDS_ASSESSMENT,1185,G0515,axioō,to deem worthy,160,thought,7
NEEDS_ASSESSMENT,335,G0818,atimazō,to dishonor,146,shame,7
NEEDS_ASSESSMENT,320,G0819,atimia,dishonour,146,shame,7
NEEDS_ASSESSMENT,2109,G1011,bouleuō,to plan,112,mind,7
NEEDS_ASSESSMENT,1354,G1731,endeiknumi,to show,198,might,7
NEEDS_ASSESSMENT,1327,G2003,epitagē,command,197,authority,7
NEEDS_ASSESSMENT,1357,G2961,kurieuō,to lord over,199,dominion,7
NEEDS_ASSESSMENT,1189,G3847,parabasis,transgression,162,transgression,7
NEEDS_ASSESSMENT,1118,G4625,skandalon,stumbling block,147,sin,7
NEEDS_ASSESSMENT,4292,G5279,hupomimnēskō,to remind,112,mind,7
NEEDS_ASSESSMENT,64,G5448,fusioō,to inflate,123,pride,7
NEEDS_ASSESSMENT,3499,H0234,az.ka.rah,memorial,112,mind,7
NEEDS_ASSESSMENT,6335,H1598,ga.nan,to defend,151,sorrow,7
NEEDS_ASSESSMENT,7034,H2428I,cha.yil,strength: worthy,187,strength,7
NEEDS_ASSESSMENT,6696,H2452,chokh.mah,wisdom,174,wisdom,7
NEEDS_ASSESSMENT,6432,H2455,chol,common,151,sorrow,7
NEEDS_ASSESSMENT,6426,H2490A,cha.lal,to bore,151,sorrow,7
NEEDS_ASSESSMENT,6427,H2490B,cha.lal,to play flute,151,sorrow,7
NEEDS_ASSESSMENT,6428,H2490I,cha.lal,to profane/begin: fruit,151,sorrow,7
NEEDS_ASSESSMENT,6433,H2491H,cha.lal,slain: wounded,151,sorrow,7
NEEDS_ASSESSMENT,578,H3826,lib.bah,heart,183,heart,7
NEEDS_ASSESSMENT,6479,H4525,mas.ger,locksmith,156,surrender,7
NEEDS_ASSESSMENT,2811,H4911A,ma.shal,to liken,197,authority,7
NEEDS_ASSESSMENT,6465,H5327A,na.tsah,to struggle,152,strife,7
NEEDS_ASSESSMENT,6466,H5327B,na.tsah,to desolate,152,strife,7
NEEDS_ASSESSMENT,5959,H5557,sa.laph,to pervert,120,perverseness,7
NEEDS_ASSESSMENT,7113,H5959,al.mah,maiden,187,strength,7
NEEDS_ASSESSMENT,1314,H7981,she.let,to rule,196,power,7
NEEDS_ASSESSMENT,324,G0152,aischunē,shame,146,shame,6
NEEDS_ASSESSMENT,4424,G0363,anamimnēskō,to remind,112,mind,6
NEEDS_ASSESSMENT,6841,G0467,antapodidōmi,to repay,180,yielding,6
NEEDS_ASSESSMENT,6065,G1258,dialektos,language,127,reasoning,6
NEEDS_ASSESSMENT,603,G1573,ekkakeō,to lose heart,183,heart,6
NEEDS_ASSESSMENT,601,G2292,tharseō,take heart,183,heart,6
NEEDS_ASSESSMENT,1246,G2296,thaumazō,to marvel,175,wonder,6
NEEDS_ASSESSMENT,7429,G2349,thnētos,mortal,210,deadness,6
NEEDS_ASSESSMENT,4416,G3417,mneia,remembrance,112,mind,6
NEEDS_ASSESSMENT,4192,G3525,nēfō,be sober,112,mind,6
NEEDS_ASSESSMENT,1188,G3540,noēma,mind/thought,160,thought,6
NEEDS_ASSESSMENT,4031,G4006,pepoithēsis,confidence,163,trust,6
NEEDS_ASSESSMENT,6515,G4348,proskomma,stumbling block,157,temptation,6
NEEDS_ASSESSMENT,999,G4993,sōfroneō,be of sound mind,112,mind,6
NEEDS_ASSESSMENT,1156,H1091,bal.la.hah,terror,158,terror,6
NEEDS_ASSESSMENT,6938,H1377,ge.vi.rah,queen,187,strength,6
NEEDS_ASSESSMENT,107,H1674,de.a.gah,anxiety,151,sorrow,6
NEEDS_ASSESSMENT,1033,H2158,za.mir,song,121,praise,6
NEEDS_ASSESSMENT,255,H2197,za.aph,rage,178,wrath,6
NEEDS_ASSESSMENT,7035,H2418,cha.ya,to live,187,strength,6
NEEDS_ASSESSMENT,3602,H3335I,ya.tsar,to form: plan,112,mind,6
NEEDS_ASSESSMENT,1137,H3784,ka.shaph,to practice sorcery,150,sorcery,6
NEEDS_ASSESSMENT,580,H3825,le.vav,heart,183,heart,6
NEEDS_ASSESSMENT,1026,H3868,luz,be devious,120,perverseness,6
NEEDS_ASSESSMENT,5951,H4114,mah.pe.khah,overthrow,120,perverseness,6
NEEDS_ASSESSMENT,2586,H4494,ma.no.ach,resting,117,peace,6
NEEDS_ASSESSMENT,6008,H4714J,mits.ra.yim,[Brook of] Egypt,123,pride,6
NEEDS_ASSESSMENT,6051,H5031,ne.vi.ah,prophetess,124,prophecy,6
NEEDS_ASSESSMENT,2587,H5183A,na.chat,quietness,117,peace,6
NEEDS_ASSESSMENT,7409,H6181,er.yah,nakedness,206,vulnerability,6
NEEDS_ASSESSMENT,6081,H6598,pat-bag,choice,128,rebellion,6
NEEDS_ASSESSMENT,2591,H7280A,ra.ga,to disturb,117,peace,6
NEEDS_ASSESSMENT,420,H7280B,ra.ga,to rest,117,peace,6
NEEDS_ASSESSMENT,6027,H7312,rum,height,123,pride,6
NEEDS_ASSESSMENT,3449,H7476,ra.yon,thought,160,thought,6
NEEDS_ASSESSMENT,4479,H7696,sha.ga,be mad,211,being,6
NEEDS_ASSESSMENT,312,G0153,aischunō,be ashamed,146,shame,5
NEEDS_ASSESSMENT,429,G0425,anesis,rest,117,peace,5
NEEDS_ASSESSMENT,1226,G0458,anomia,lawlessness,172,wickedness,5
NEEDS_ASSESSMENT,4482,G0639,aporeō,be perplexed,211,being,5
NEEDS_ASSESSMENT,1202,G0801,asunetos,senseless,166,understanding,5
NEEDS_ASSESSMENT,2943,G0937,basilikos,royal,199,dominion,5
NEEDS_ASSESSMENT,6842,G1239,diadidōmi,to distribute,180,yielding,5
NEEDS_ASSESSMENT,4481,G1280,diaporeō,be perplexed,211,being,5
NEEDS_ASSESSMENT,1316,G1753,energeia,active energy,196,power,5
NEEDS_ASSESSMENT,5989,G1867,epaineō,to praise,121,praise,5
NEEDS_ASSESSMENT,424,G2270,hēsuchazō,be quiet/give up,117,peace,5
NEEDS_ASSESSMENT,6114,G2644,katallassō,to reconcile,130,reconciliation,5
NEEDS_ASSESSMENT,6708,G2965,kuōn,dog,176,worship,5
NEEDS_ASSESSMENT,1253,G2999,latreia,ministry,176,worship,5
NEEDS_ASSESSMENT,1000,G3105,mainomai,to rave,112,mind,5
NEEDS_ASSESSMENT,6843,G3330,metadidōmi,to share,180,yielding,5
NEEDS_ASSESSMENT,448,G3338,metamellomai,to repent,135,repentance,5
NEEDS_ASSESSMENT,2654,G3346,metatithēmi,to transport,135,repentance,5
NEEDS_ASSESSMENT,6572,G3848,parabatēs,transgressor,162,transgression,5
NEEDS_ASSESSMENT,44,G4036,perilupos,sorrowful,151,sorrow,5
NEEDS_ASSESSMENT,337,G5195,hubrizō,to mistreat,146,shame,5
NEEDS_ASSESSMENT,60,G5244,huperēfanos,arrogant,123,pride,5
NEEDS_ASSESSMENT,1396,G5591,psuchikos,natural,182,Soul,5
NEEDS_ASSESSMENT,611,H0328B,it.ti,mutterer,184,spirit,5
NEEDS_ASSESSMENT,7008,H0342,e.vah,enmity,187,strength,5
NEEDS_ASSESSMENT,4450,H1198,ba.ar,stupid,211,being,5
NEEDS_ASSESSMENT,6384,H1739,da.veh,sick,151,sorrow,5
NEEDS_ASSESSMENT,4335,H1984I,ha.lal,to boast: rave madly,112,mind,5
NEEDS_ASSESSMENT,669,H2392,cho.zeq,strength,187,strength,5
NEEDS_ASSESSMENT,1310,H2429,cha.yil,strength,196,power,5
NEEDS_ASSESSMENT,6434,H2485,cha.lil,flute,151,sorrow,5
NEEDS_ASSESSMENT,6275,H3785,ke.sheph,sorcery,150,sorcery,5
NEEDS_ASSESSMENT,2876,H4768,mar.bit,greatness,197,authority,5
NEEDS_ASSESSMENT,6255,H4772,mar.ge.lot,feet,149,slander,5
NEEDS_ASSESSMENT,3079,H5081G,na.div,noble: willing,173,will,5
NEEDS_ASSESSMENT,6710,H5460,se.gan,prefect,176,worship,5
NEEDS_ASSESSMENT,4486,H6191,a.rom,be shrewd,174,wisdom,5
NEEDS_ASSESSMENT,2877,H7236,re.vah,to grow great,197,authority,5
NEEDS_ASSESSMENT,2878,H7238,re.vu,greatness,197,authority,5
NEEDS_ASSESSMENT,1034,H7624,she.vach,to praise,121,praise,5
NEEDS_ASSESSMENT,1103,H7836,sha.char,to seek,140,seeking,5
NEEDS_ASSESSMENT,2494,H8513,te.la.ah,hardship,116,patience,5
NEEDS_ASSESSMENT,1292,H8575,tan.chum,consolation,192,comfort,5
NEEDS_ASSESSMENT,6943,H8624,taq.qiph,strong,187,strength,5
NEEDS_ASSESSMENT,6944,H8631,te.qeph,to grow strong,187,strength,5
NEEDS_ASSESSMENT,2846,H8660,tir.sha.ta,governor,197,authority,5
NEEDS_ASSESSMENT,330,G0150,aischros,shameful,146,shame,4
NEEDS_ASSESSMENT,1120,G0265,hamartēma,sin,147,sin,4
NEEDS_ASSESSMENT,4426,G0364,anamnēsis,remembrance,112,mind,4
NEEDS_ASSESSMENT,1091,G0485,antilogia,dispute,128,rebellion,4
NEEDS_ASSESSMENT,2785,G0747,archēgos,founder,197,authority,4
NEEDS_ASSESSMENT,6248,G0989,blasfēmos,blasphemous,149,slander,4
NEEDS_ASSESSMENT,7419,G1128,gumnazō,to train,206,vulnerability,4
NEEDS_ASSESSMENT,422,G1514,eirēneuō,be at peace,117,peace,4
NEEDS_ASSESSMENT,6844,G1554,ekdidōmi,to lease,180,yielding,4
NEEDS_ASSESSMENT,6507,G1598,ekpeirazō,to test/tempt,157,temptation,4
NEEDS_ASSESSMENT,2558,G2271,hēsuchia,quietness,117,peace,4
NEEDS_ASSESSMENT,2992,G2634,katakurieuō,to master,199,dominion,4
NEEDS_ASSESSMENT,1093,G2643,katallagē,reconciliation,130,reconciliation,4
NEEDS_ASSESSMENT,1331,G2770,kerdainō,to gain,198,might,4
NEEDS_ASSESSMENT,1320,G2963,kuriotēs,lordship,197,authority,4
NEEDS_ASSESSMENT,1362,G3339,metamorfoō,to transform,202,transformation,4
NEEDS_ASSESSMENT,5948,G3392,miainō,to stain,115,passion,4
NEEDS_ASSESSMENT,7066,G3610,oiketēs,slave,187,strength,4
NEEDS_ASSESSMENT,6573,G3845,parabainō,to transgress,162,transgression,4
NEEDS_ASSESSMENT,614,G4151H,pneuma,spirit/breath: spirit,184,spirit,4
NEEDS_ASSESSMENT,6516,G4417,ptaiō,to stumble,157,temptation,4
NEEDS_ASSESSMENT,7083,G4731,stereos,strong,187,strength,4
NEEDS_ASSESSMENT,1201,G4908,sunetos,intelligent,166,understanding,4
NEEDS_ASSESSMENT,1147,G5292,hupotagē,submission,155,submission,4
NEEDS_ASSESSMENT,69,G5604,ōdin,labor,151,sorrow,4
NEEDS_ASSESSMENT,6967,H0393,akh.zar,cruel,187,strength,4
NEEDS_ASSESSMENT,327,H0955,bu.shah,shame,146,shame,4
NEEDS_ASSESSMENT,637,H1082,ba.lag,be cheerful,187,strength,4
NEEDS_ASSESSMENT,6336,H1594,gin.nah,garden,151,sorrow,4
NEEDS_ASSESSMENT,4337,H1947,ho.le.lah,madness,112,mind,4
NEEDS_ASSESSMENT,1028,H1984A,ha.lal,to shine,121,praise,4
NEEDS_ASSESSMENT,5991,H2170,ze.mar,music,121,praise,4
NEEDS_ASSESSMENT,5992,H2172,zim.rah,melody,121,praise,4
NEEDS_ASSESSMENT,1162,H2189,za.a.vah,horror,158,terror,4
NEEDS_ASSESSMENT,254,H2196,za.aph,to enrage,178,wrath,4
NEEDS_ASSESSMENT,668,H2393,chez.qah,strength,187,strength,4
NEEDS_ASSESSMENT,6059,H2892A,to.har,purity,125,purity,4
NEEDS_ASSESSMENT,6061,H2892B,to.har,clearness,125,purity,4
NEEDS_ASSESSMENT,3057,H2973,ya.al,be foolish,173,will,4
NEEDS_ASSESSMENT,1057,H3908,la.chash,charm,122,prayer,4
NEEDS_ASSESSMENT,5952,H4115,mah.pe.khet,stocks,120,perverseness,4
NEEDS_ASSESSMENT,2892,H4662H,miph.qad,appointment,197,authority,4
NEEDS_ASSESSMENT,1217,H5228,na.kho.ach,straightforward,168,uprightness,4
NEEDS_ASSESSMENT,1214,H5229,ne.kho.chah,upright,168,uprightness,4
NEEDS_ASSESSMENT,6711,H5456,sa.gad,to prostrate,176,worship,4
NEEDS_ASSESSMENT,6548,H5749A,ud,to return,159,testimony,4
NEEDS_ASSESSMENT,642,H5934,a.lu.mim,youth,187,strength,4
NEEDS_ASSESSMENT,229,H7292,ra.hav,to be assertive,123,pride,4
NEEDS_ASSESSMENT,230,H7294,ra.hav,Rahab monster,123,pride,4
NEEDS_ASSESSMENT,2993,H7300,rud,to roam,199,dominion,4
NEEDS_ASSESSMENT,1123,H7564,rish.ah,wickedness,147,sin,4
NEEDS_ASSESSMENT,655,H8443,to.a.phah,peak,187,strength,4
NEEDS_ASSESSMENT,3083,G0138,haireō,to choose,173,will,3
NEEDS_ASSESSMENT,1353,G0618,apolambanō,to get back,198,might,3
NEEDS_ASSESSMENT,6517,G0677,aproskopos,not stumbling,157,temptation,3
NEEDS_ASSESSMENT,7420,G1132,gumnotēs,nakedness,206,vulnerability,3
NEEDS_ASSESSMENT,7160,G1253,diakrisis,discernment,191,doubt,3
NEEDS_ASSESSMENT,2768,G1413,dunastēs,ruler,197,authority,3
NEEDS_ASSESSMENT,1126,G1505,eilikrineia,sincerity,148,sincerity,3
NEEDS_ASSESSMENT,1397,G1634,ekpsuchō,to expire,182,Soul,3
NEEDS_ASSESSMENT,1048,G1843,exomologeomai,to agree,121,praise,3
NEEDS_ASSESSMENT,1317,G1850,exousiazō,to have authority,197,authority,3
NEEDS_ASSESSMENT,1059,G2171,euchē,a vow/prayer,122,prayer,3
NEEDS_ASSESSMENT,1259,G3009,leitourgia,ministry,176,worship,3
NEEDS_ASSESSMENT,1300,G3108,makarismos,blessedness,194,blessing,3
NEEDS_ASSESSMENT,7067,G3350,metoikesia,deportation,187,strength,3
NEEDS_ASSESSMENT,4315,G3524,nēfaleos,sober,112,mind,3
NEEDS_ASSESSMENT,1376,G3636,oknēros,lazy,208,sloth,3
NEEDS_ASSESSMENT,2798,G4177,politēs,citizen,197,authority,3
NEEDS_ASSESSMENT,1365,G4273,prodotēs,traitor,203,treachery,3
NEEDS_ASSESSMENT,3084,G4400,procheirizō,to appoint,173,will,3
NEEDS_ASSESSMENT,597,G4641,sklērokardia,hardness of heart,183,heart,3
NEEDS_ASSESSMENT,7435,G4652,skoteinos,dark,207,blindness (spiritual),3
NEEDS_ASSESSMENT,695,G4732,stereoō,to strengthen,187,strength,3
NEEDS_ASSESSMENT,454,G4894,suneidō,be aware,26,conscience,3
NEEDS_ASSESSMENT,1108,G4997,sōfrosunē,mental soundness,142,self-control,3
NEEDS_ASSESSMENT,7438,G5186,tufloō,to blind,207,blindness (spiritual),3
NEEDS_ASSESSMENT,58,G5187,tufoō,be conceited,123,pride,3
NEEDS_ASSESSMENT,4291,G5280,hupomnēsis,remembrance,112,mind,3
NEEDS_ASSESSMENT,1136,G5331,farmakeia,sorcery,150,sorcery,3
NEEDS_ASSESSMENT,997,G5427,fronēma,purpose,112,mind,3
NEEDS_ASSESSMENT,1036,G5567,psallō,to sing praise,121,praise,3
NEEDS_ASSESSMENT,2502,H0752,a.rokh,long,116,patience,3
NEEDS_ASSESSMENT,1153,H0928,be.ha.lah,dismay,158,terror,3
NEEDS_ASSESSMENT,2987,H1172,ba.a.lah,mistress,199,dominion,3
NEEDS_ASSESSMENT,6038,H1466,ge.vah,pride,123,pride,3
NEEDS_ASSESSMENT,104,H1669,da.ev,to languish,151,sorrow,3
NEEDS_ASSESSMENT,6385,H1742,dav.va,faint,151,sorrow,3
NEEDS_ASSESSMENT,2602,H1748,du.mam,silence,117,peace,3
NEEDS_ASSESSMENT,2603,H1827,de.ma.mah,silence,117,peace,3
NEEDS_ASSESSMENT,5993,H2168,za.mar,to prune,121,praise,3
NEEDS_ASSESSMENT,5994,H2176,zim.rat,song,121,praise,3
NEEDS_ASSESSMENT,635,H2302,cha.dah,to rejoice,186,gladness,3
NEEDS_ASSESSMENT,2960,H2508,cha.laq,portion,199,dominion,3
NEEDS_ASSESSMENT,253,H2573,che.met,bottle,178,wrath,3
NEEDS_ASSESSMENT,1179,H2808,chesh.bon,explanation,160,thought,3
NEEDS_ASSESSMENT,6670,H2939,te.em,to feed,174,wisdom,3
NEEDS_ASSESSMENT,6636,H3161,ya.chad,be joined,167,unity,3
NEEDS_ASSESSMENT,6996,H3351,ye.qum,existence,187,strength,3
NEEDS_ASSESSMENT,574,H3512A,ka.ah,be disheartened,183,heart,3
NEEDS_ASSESSMENT,6337,H4042,ma.gan,to deliver,151,sorrow,3
NEEDS_ASSESSMENT,6134,H4253,ma.cha.la.phah,lock,134,renewal,3
NEEDS_ASSESSMENT,1325,H4474,mim.shal,dominion,197,authority,3
NEEDS_ASSESSMENT,1140,H4683,mats.tsah,strife,152,strife,3
NEEDS_ASSESSMENT,4104,H4937A,mish.an,support,163,trust,3
NEEDS_ASSESSMENT,4105,H4937B,mish.en,support,163,trust,3
NEEDS_ASSESSMENT,1061,H5016,ne.vu.ah,prophecy,124,prophecy,3
NEEDS_ASSESSMENT,3058,H5069,ne.dav,be willing,112,mind,3
NEEDS_ASSESSMENT,1390,H5314,na.phash,be refreshed,182,Soul,3
NEEDS_ASSESSMENT,6712,H5481,sum.po.ne.yah,bagpipe,176,worship,3
NEEDS_ASSESSMENT,6723,H5659,av.dut,slavery,176,worship,3
NEEDS_ASSESSMENT,6549,H5713A,e.dah,witness,159,testimony,3
NEEDS_ASSESSMENT,1330,H5807,e.zuz,strength,198,might,3
NEEDS_ASSESSMENT,194,H6090A,o.tsev,pain,151,sorrow,3
NEEDS_ASSESSMENT,673,H6108,o.tsem,strength,187,strength,3
NEEDS_ASSESSMENT,672,H6109,ots.mah,strength,187,strength,3
NEEDS_ASSESSMENT,6210,H6115,o.tser,coercion,142,self-control,3
NEEDS_ASSESSMENT,2893,H6487,piq.qa.don,deposit,197,authority,3
NEEDS_ASSESSMENT,6082,H6594,pish.tah,flax,128,rebellion,3
NEEDS_ASSESSMENT,1275,H7589,she.at,scorn,189,malice,3
NEEDS_ASSESSMENT,1277,H7590,shut,to despise,190,contempt,3
NEEDS_ASSESSMENT,4480,H7697,shig.ga.on,madness,211,being,3
NEEDS_ASSESSMENT,2976,H7862,shay,gift,199,dominion,3
NEEDS_ASSESSMENT,1200,H7924,sokh.le.ta.nu,insight,166,understanding,3
NEEDS_ASSESSMENT,1167,H8584,te.u.dah,testimony,159,testimony,3
NEEDS_ASSESSMENT,2847,H8630,ta.qeph,to prevail,197,authority,3
NEEDS_ASSESSMENT,1062,G0047,hagneia,purity,125,purity,2
NEEDS_ASSESSMENT,1032,G0134,aineō,to praise,121,praise,2
NEEDS_ASSESSMENT,1035,G0136,ainos,praise,121,praise,2
NEEDS_ASSESSMENT,6,G0212,alazoneia,boasting,123,pride,2
NEEDS_ASSESSMENT,6017,G0213,alazōn,braggart,123,pride,2
NEEDS_ASSESSMENT,6590,G0226,alētheuō,be truthful,164,truthfulness,2
NEEDS_ASSESSMENT,2658,G0276,ametathetos,unchangeable,135,repentance,2
NEEDS_ASSESSMENT,440,G0278,ametameletos,irrevocable,135,repentance,2
NEEDS_ASSESSMENT,6132,G0341,anakainoō,to renew,134,renewal,2
NEEDS_ASSESSMENT,1097,G0342,anakainōsis,renewal,134,renewal,2
NEEDS_ASSESSMENT,6115,G0577,apoballō,to throw away,131,rejection,2
NEEDS_ASSESSMENT,1094,G0580,apobolē,deprivation,131,rejection,2
NEEDS_ASSESSMENT,321,G0808,aschēmosunē,indecency,146,shame,2
NEEDS_ASSESSMENT,7084,G0951,bebaiōsis,confirmation,187,strength,2
NEEDS_ASSESSMENT,6249,G0984,blaptō,to hurt,149,slander,2
NEEDS_ASSESSMENT,499,G1013,boulēma,plan,43,desire,2
NEEDS_ASSESSMENT,7085,G1226,diabebaioō,to insist,187,strength,2
NEEDS_ASSESSMENT,2868,G1296,diatagē,ordinance,197,authority,2
NEEDS_ASSESSMENT,1288,G1365,distazō,to doubt,191,doubt,2
NEEDS_ASSESSMENT,1398,G1374,dipsuchos,double-minded,112,mind,2
NEEDS_ASSESSMENT,6846,G1434,dōrēma,free gift,180,yielding,2
NEEDS_ASSESSMENT,602,G1457,enkainizō,to inaugurate,183,heart,2
NEEDS_ASSESSMENT,7333,G1503,eikō,to resemble,201,image,2
NEEDS_ASSESSMENT,6231,G1506,eilikrinēs,pure,148,sincerity,2
NEEDS_ASSESSMENT,427,G1516,eirēnikos,peaceful,117,peace,2
NEEDS_ASSESSMENT,693,G1765,enischuō,to strengthen,187,strength,2
NEEDS_ASSESSMENT,3372,G1771,ennoia,thought/purpose,112,mind,2
NEEDS_ASSESSMENT,1208,G1775,henotēs,unity,167,unity,2
NEEDS_ASSESSMENT,1058,G1783,enteuxis,intercession,122,prayer,2
NEEDS_ASSESSMENT,323,G1791,entropē,shame,146,shame,2
NEEDS_ASSESSMENT,1104,G2021,epicheireō,to attempt,140,seeking,2
NEEDS_ASSESSMENT,593,G2155,eusplanchnos,compassionate,183,heart,2
NEEDS_ASSESSMENT,2559,G2272,hēsuchios,quiet,117,peace,2
NEEDS_ASSESSMENT,1247,G2295,thauma,marvel,175,wonder,2
NEEDS_ASSESSMENT,2770,G2616,katadunasteuō,to oppress,197,authority,2
NEEDS_ASSESSMENT,1319,G2715,katexousiazō,to rule,197,authority,2
NEEDS_ASSESSMENT,692,G2729,katischuō,to prevail,187,strength,2
NEEDS_ASSESSMENT,7098,G2767,kerannumi,to mix,187,strength,2
NEEDS_ASSESSMENT,627,G2907,kreas,meat,185,flesh,2
NEEDS_ASSESSMENT,3409,G3053,logismos,thought,160,thought,2
NEEDS_ASSESSMENT,1135,G3059,loidoria,reviling,149,slander,2
NEEDS_ASSESSMENT,7069,G3351,metoikizō,to deport,187,strength,2
NEEDS_ASSESSMENT,4417,G3403,mimnēskō,to remember,112,mind,2
NEEDS_ASSESSMENT,7184,G3838,pantelēs,completely,191,doubt,2
NEEDS_ASSESSMENT,1085,G3894,parapikrasmos,rebellion,128,rebellion,2
NEEDS_ASSESSMENT,6508,G3984,peira,test,157,temptation,2
NEEDS_ASSESSMENT,6509,G3985I,peirazō,to test/tempt: try,157,temptation,2
NEEDS_ASSESSMENT,6510,G3987,peiraō,to try,157,temptation,2
NEEDS_ASSESSMENT,2799,G4174,politeia,citizenship,197,authority,2
NEEDS_ASSESSMENT,2800,G4176,politeuō,be a citizen,197,authority,2
NEEDS_ASSESSMENT,1187,G4306,pronoeō,to care for,160,thought,2
NEEDS_ASSESSMENT,3373,G4307,pronoia,foresight,126,purpose,2
NEEDS_ASSESSMENT,6047,G4397,profētikos,prophetic,124,prophecy,2
NEEDS_ASSESSMENT,6048,G4398,profētis,prophetess,124,prophecy,2
NEEDS_ASSESSMENT,2560,G4602,sigē,silence,117,peace,2
NEEDS_ASSESSMENT,1115,G4624,skandalizō,to cause to stumble,147,sin,2
NEEDS_ASSESSMENT,530,G4679,sofizo,to make wise,174,wisdom,2
NEEDS_ASSESSMENT,4467,G4705,spoudaios,eager,181,zeal,2
NEEDS_ASSESSMENT,2944,G4821,sumbasileuō,to reign with,199,dominion,2
NEEDS_ASSESSMENT,7360,G4832,summorfos,conformed,209,likeness,2
NEEDS_ASSESSMENT,59,G5243,huperēfania,pride,123,pride,2
NEEDS_ASSESSMENT,2775,G5247,huperochē,authority,197,authority,2
NEEDS_ASSESSMENT,607,G5326,fantasma,ghost,184,spirit,2
NEEDS_ASSESSMENT,6250,G5345,fēmē,news,149,slander,2
NEEDS_ASSESSMENT,531,G5428,fronesis,understanding,174,wisdom,2
NEEDS_ASSESSMENT,6877,H0248,ez.ro.a,arm,187,strength,2
NEEDS_ASSESSMENT,6396,H0578,a.nah,to lament,151,sorrow,2
NEEDS_ASSESSMENT,77,H0592,a.niy.yah,lamentation,151,sorrow,2
NEEDS_ASSESSMENT,1234,H0781,a.ra.s,to betroth,173,will,2
NEEDS_ASSESSMENT,2979,H1166H,ba.al,rule: to rule,199,dominion,2
NEEDS_ASSESSMENT,1154,H1205,be.a.tah,terror,158,terror,2
NEEDS_ASSESSMENT,102,H1365,gav.hut,haughtiness,123,pride,2
NEEDS_ASSESSMENT,1333,H1370,ge.vu.rah,might,198,might,2
NEEDS_ASSESSMENT,6940,H1376,ge.vir,lord,187,strength,2
NEEDS_ASSESSMENT,6906,H1434,ge.di.lim,tassel,187,strength,2
NEEDS_ASSESSMENT,6338,H1588G,gan,Garden [of Uzza],151,sorrow,2
NEEDS_ASSESSMENT,3554,H1701,div.rah,cause,126,purpose,2
NEEDS_ASSESSMENT,109,H1741,de.vay,illness,151,sorrow,2
NEEDS_ASSESSMENT,7331,H1821,de.mah,be like,201,image,2
NEEDS_ASSESSMENT,1283,H1860,de.ra.on,abhorrence,190,contempt,2
NEEDS_ASSESSMENT,1038,H1974,hil.lul,praise,121,praise,2
NEEDS_ASSESSMENT,5953,H2023H,hor,[Mount] Hor,120,perverseness,2
NEEDS_ASSESSMENT,6887,H2118,za.chach,to remove,187,strength,2
NEEDS_ASSESSMENT,1342,H2151A,za.lal,to shake,198,might,2
NEEDS_ASSESSMENT,6801,H2198,za.eph,vexed,178,wrath,2
NEEDS_ASSESSMENT,1114,H2403A,chat.ta.ah,sin,147,sin,2
NEEDS_ASSESSMENT,6135,H2500,che.leph,for,134,renewal,2
NEEDS_ASSESSMENT,338,H2616B,cha.sad,to shame,146,shame,2
NEEDS_ASSESSMENT,2779,H2631,cha.san,to possess,197,authority,2
NEEDS_ASSESSMENT,1307,H2632,che.sen,authority,196,power,2
NEEDS_ASSESSMENT,7107,H2634,cha.son,strong,187,strength,2
NEEDS_ASSESSMENT,3338,H2810,chish.sha.von,invention,112,mind,2
NEEDS_ASSESSMENT,584,H2910,tu.chot,inner parts,183,heart,2
NEEDS_ASSESSMENT,7164,H2965,ta.raph,fresh-plucked,191,doubt,2
NEEDS_ASSESSMENT,5986,H3029,ye.da,to praise,121,praise,2
NEEDS_ASSESSMENT,1021,H3349,yiq.qe.hah,obedience,114,obedience,2
NEEDS_ASSESSMENT,2862,H3764,kor.se,throne,197,authority,2
NEEDS_ASSESSMENT,986,H3819,lo ru.cha.mah,No Mercy,111,mercy,2
NEEDS_ASSESSMENT,587,H3823A,la.vav,to encourage,183,heart,2
NEEDS_ASSESSMENT,620,H3894,le.chum,intestine,185,flesh,2
NEEDS_ASSESSMENT,638,H3955,la.shad,juicy bit,187,strength,2
NEEDS_ASSESSMENT,6201,H4097,mid.rash,story,140,seeking,2
NEEDS_ASSESSMENT,646,H4206A,me.zach,belt,187,strength,2
NEEDS_ASSESSMENT,645,H4206B,me.zi.ach,belt,187,strength,2
NEEDS_ASSESSMENT,7052,H4254,ma.cha.la.tsah,robe,187,strength,2
NEEDS_ASSESSMENT,7424,H4463,ma.mot,death,210,deadness,2
NEEDS_ASSESSMENT,2879,H4766,mar.veh,abundance,197,authority,2
NEEDS_ASSESSMENT,1141,H4808,me.ri.vah,provocation,152,strife,2
NEEDS_ASSESSMENT,2808,H4915B,mo.shel,dominion,197,authority,2
NEEDS_ASSESSMENT,2908,H4951,mis.rah,dominion,199,dominion,2
NEEDS_ASSESSMENT,2588,H5118,nu.ach,rest,117,peace,2
NEEDS_ASSESSMENT,1291,H5165,ne.cha.mah,comfort,192,comfort,2
NEEDS_ASSESSMENT,6897,H5313,niph.qa,cost,187,strength,2
NEEDS_ASSESSMENT,1388,H5315N,ne.phesh,soul: neck,182,Soul,2
NEEDS_ASSESSMENT,6480,H5458,se.gor,enclosure,156,surrender,2
NEEDS_ASSESSMENT,6078,H5494,sur,degenerate,128,rebellion,2
NEEDS_ASSESSMENT,1117,H5512A,sin,Pelusium,147,sin,2
NEEDS_ASSESSMENT,1025,H5558,se.leph,crookedness,120,perverseness,2
NEEDS_ASSESSMENT,2707,H5587B,se.ip.pim,disquietings,112,mind,2
NEEDS_ASSESSMENT,6717,H5647J,a.vad,to serve: burden,176,worship,2
NEEDS_ASSESSMENT,6724,H5657,a.vud.dah,service,176,worship,2
NEEDS_ASSESSMENT,7114,H5958,e.lem,youth,187,strength,2
NEEDS_ASSESSMENT,1373,H6103,ats.lah,sluggishness,208,sloth,2
NEEDS_ASSESSMENT,6700,H6383,pil.i,incomprehensible,175,wonder,2
NEEDS_ASSESSMENT,6083,H6596,pot,hinge,128,rebellion,2
NEEDS_ASSESSMENT,6084,H6599,pit.gam,edict,128,rebellion,2
NEEDS_ASSESSMENT,2381,H6739,tse.la,to pray,212,pray,2
NEEDS_ASSESSMENT,7329,H6756A,tsal.mon,[Mount] Zalmon,201,image,2
NEEDS_ASSESSMENT,6997,H6971,qoph,ape,187,strength,2
NEEDS_ASSESSMENT,1282,H7034,qa.lah,to dishonor,190,contempt,2
NEEDS_ASSESSMENT,6006,H7293,ra.hav,Rahab,123,pride,2
NEEDS_ASSESSMENT,1045,H7318,ro.mam,extolling,121,praise,2
NEEDS_ASSESSMENT,3453,H7454,re.a,thought,160,thought,2
NEEDS_ASSESSMENT,241,H7830,sha.chats,pride,123,pride,2
NEEDS_ASSESSMENT,2814,H7984,shil.ton,governor,197,authority,2
NEEDS_ASSESSMENT,2909,H8280,sa.rah,to strive,199,dominion,2
NEEDS_ASSESSMENT,4464,H8382,ta.am,be double,211,being,2
NEEDS_ASSESSMENT,1015,H8386,ta.a.niy.yah,mourning,113,mourning,2
NEEDS_ASSESSMENT,7425,H8546,te.mu.tah,death,210,deadness,2
NEEDS_ASSESSMENT,6055,G0049,hagnismos,purification,125,purity,1
NEEDS_ASSESSMENT,1064,G0054,hagnotēs,purity,125,purity,1
NEEDS_ASSESSMENT,6056,G0055,hagnōs,purely,125,purity,1
NEEDS_ASSESSMENT,7161,G0087,adiakritos,impartial,191,doubt,1
NEEDS_ASSESSMENT,1051,G0133,ainesis,praise,121,praise,1
NEEDS_ASSESSMENT,3085,G0140,hairetizō,to choose,173,will,1
NEEDS_ASSESSMENT,1113,G0193,akratēs,intemperate,142,self-control,1
NEEDS_ASSESSMENT,7097,G0194,akratos,undiluted,187,strength,1
NEEDS_ASSESSMENT,6847,G0325,anadidōmi,to deliver,180,yielding,1
NEEDS_ASSESSMENT,1125,G0361,anamartētos,sinless,147,sin,1
NEEDS_ASSESSMENT,7071,G0456,anoikodomeō,to rebuild,187,strength,1
NEEDS_ASSESSMENT,6511,G0552,apeiros,unacquainted,157,temptation,1
NEEDS_ASSESSMENT,1090,G0646,apostasia,apostasy,128,rebellion,1
NEEDS_ASSESSMENT,1399,G0674,apopsuchō,to faint,182,Soul,1
NEEDS_ASSESSMENT,6676,G0781,asofos,unwise,174,wisdom,1
NEEDS_ASSESSMENT,1326,G0831,authenteō,to domineer,197,authority,1
NEEDS_ASSESSMENT,1400,G0895,apsuchos,lifeless,182,Soul,1
NEEDS_ASSESSMENT,2945,G0933,basileion,palace,199,dominion,1
NEEDS_ASSESSMENT,2946,G0934,basileios,kingly,199,dominion,1
NEEDS_ASSESSMENT,2947,G0938G,basilissa,queen,199,dominion,1
NEEDS_ASSESSMENT,7421,G1130,gumnēteuō gumniteuō,be naked,206,vulnerability,1
NEEDS_ASSESSMENT,3408,G1270,dianoēma,thought,160,thought,1
NEEDS_ASSESSMENT,2869,G1297,diatagma,edict,197,authority,1
NEEDS_ASSESSMENT,2772,G1414,dunateō,be able,197,authority,1
NEEDS_ASSESSMENT,7072,G1460,enkatoikeō,to live among,187,strength,1
NEEDS_ASSESSMENT,430,G1517,eirēnopoieō,to make peace,117,peace,1
NEEDS_ASSESSMENT,1284,G1847,exoudenoō,be rejected,190,contempt,1
NEEDS_ASSESSMENT,3375,G1963,epinoia,thought,126,purpose,1
NEEDS_ASSESSMENT,6885,G2001,epischuō,to insist,187,strength,1
NEEDS_ASSESSMENT,6462,G2051,erizō,to quarrel,152,strife,1
NEEDS_ASSESSMENT,1218,G2118,euthutēs,righteousness,168,uprightness,1
NEEDS_ASSESSMENT,1256,G2151,eusebeō,to show piety,176,worship,1
NEEDS_ASSESSMENT,1049,G2162,eufēmia,good report,121,praise,1
NEEDS_ASSESSMENT,630,G2174,eupsucheō,be glad,186,gladness,1
NEEDS_ASSESSMENT,7431,G2253,hēmithanēs,half-dead,210,deadness,1
NEEDS_ASSESSMENT,428,G2263,ēremos,quiet,117,peace,1
NEEDS_ASSESSMENT,1245,G2285,thambos,amazement,175,wonder,1
NEEDS_ASSESSMENT,1258,G2356,thrēskeia,religion,176,worship,1
NEEDS_ASSESSMENT,1402,G2473,isopsuchos,like-minded,112,mind,1
NEEDS_ASSESSMENT,4456,G2686,katasofizomai,be cunning,174,wisdom,1
NEEDS_ASSESSMENT,628,G2699,katatomē,mutilation,185,flesh,1
NEEDS_ASSESSMENT,2972,G2900,krataios,mighty,187,strength,1
NEEDS_ASSESSMENT,1257,G3050,logikos,spiritual,176,worship,1
NEEDS_ASSESSMENT,6463,G3054,logomacheō,to quarrel,152,strife,1
NEEDS_ASSESSMENT,6464,G3055,logomachia,quarrel,152,strife,1
NEEDS_ASSESSMENT,1432,G3116,makrothumōs,patiently,115,passion,1
NEEDS_ASSESSMENT,1006,G3130,mania,insanity,112,mind,1
NEEDS_ASSESSMENT,2662,G3328,metaballō,to change mind,112,mind,1
NEEDS_ASSESSMENT,1023,G3394,miasmos,defilement,115,passion,1
NEEDS_ASSESSMENT,4412,G3420,mnēmē,remembrance,112,mind,1
NEEDS_ASSESSMENT,7377,G3445,morfoō,to form,202,transformation,1
NEEDS_ASSESSMENT,1010,G3510,nefros,mind,112,mind,1
NEEDS_ASSESSMENT,1295,G3552,noseō,be sick,193,craving,1
NEEDS_ASSESSMENT,1019,G3602,odurmos,mourning,113,mourning,1
NEEDS_ASSESSMENT,7073,G3612,oikēma,cell,187,strength,1
NEEDS_ASSESSMENT,7075,G3621,oikonomeō,to manage,187,strength,1
NEEDS_ASSESSMENT,7076,G3626,oikouros,busy at home,187,strength,1
NEEDS_ASSESSMENT,7359,G3635,okneō,to delay,208,sloth,1
NEEDS_ASSESSMENT,1403,G3642,oligopsuchos,fainthearted,182,Soul,1
NEEDS_ASSESSMENT,1008,G3675,homofrōn,like-minded,112,mind,1
NEEDS_ASSESSMENT,1296,G3713,oregō,to aspire,193,craving,1
NEEDS_ASSESSMENT,7187,G3839,pantē,always,191,doubt,1
NEEDS_ASSESSMENT,334,G3856,paradeigmatizō,to disgrace,146,shame,1
NEEDS_ASSESSMENT,1293,G3890,paramuthion,comfort,192,comfort,1
NEEDS_ASSESSMENT,1193,G3892,paranomia,lawlessness,162,transgression,1
NEEDS_ASSESSMENT,4185,G3912,parafroneō,be insane,112,mind,1
NEEDS_ASSESSMENT,4187,G3913,parafronia,insanity,112,mind,1
NEEDS_ASSESSMENT,1294,G3931,parēgoria,comfort,192,comfort,1
NEEDS_ASSESSMENT,3087,G4255,proaireō,to predetermine,173,will,1
NEEDS_ASSESSMENT,6519,G4349,proskopē,stumbling,157,temptation,1
NEEDS_ASSESSMENT,6709,G4353,proskunētēs,worshiper,176,worship,1
NEEDS_ASSESSMENT,3088,G4401,procheirotoneō,to choose,173,will,1
NEEDS_ASSESSMENT,606,G4436,puthon,divining spirit,184,spirit,1
NEEDS_ASSESSMENT,6644,G4599,sthenoō,to strengthen,170,weakness,1
NEEDS_ASSESSMENT,1348,G4617,siniazō,to sift,198,might,1
NEEDS_ASSESSMENT,1371,G4656,skotoō,to darken,207,blindness (spiritual),1
NEEDS_ASSESSMENT,7086,G4733,stereōma,firmness,187,strength,1
NEEDS_ASSESSMENT,52,G4818,sullupeō,be grieved,151,sorrow,1
NEEDS_ASSESSMENT,1377,G4833,summorfoomai,to make like,209,likeness,1
NEEDS_ASSESSMENT,608,G4861,sumpsuchos,harmonious,184,spirit,1
NEEDS_ASSESSMENT,7079,G4924,sunoikeō,to live with,187,strength,1
NEEDS_ASSESSMENT,7080,G4925,sunoikodomeō,be built up with,187,strength,1
NEEDS_ASSESSMENT,4190,G4994,sōfronizō,to train,112,mind,1
NEEDS_ASSESSMENT,6016,G5188,tufō,to smoulder,123,pride,1
NEEDS_ASSESSMENT,1050,G5214,humneō,to praise,121,praise,1
NEEDS_ASSESSMENT,1263,G5242,huperechō,be higher,177,worth,1
NEEDS_ASSESSMENT,4473,G5252,huperfroneō,be haughty,211,being,1
NEEDS_ASSESSMENT,4439,G5309,hupsēlofroneō,be arrogant,211,being,1
NEEDS_ASSESSMENT,6678,G5385,filosofia,philosophy,174,wisdom,1
NEEDS_ASSESSMENT,6679,G5386,filosofos,philosopher,174,wisdom,1
NEEDS_ASSESSMENT,1009,G5391,filofrōn,friendly,112,mind,1
NEEDS_ASSESSMENT,2493,G5424,frēn,thinking,112,mind,1
NEEDS_ASSESSMENT,3461,G5430,fronimōs,shrewdly,160,thought,1
NEEDS_ASSESSMENT,4451,G5431,frontizō,be careful,211,being,1
NEEDS_ASSESSMENT,6043,G5450,fusiōsis,arrogance,123,pride,1
NEEDS_ASSESSMENT,70,H0017,a.voy,pain!,151,sorrow,1
NEEDS_ASSESSMENT,7011,H0193A,ul,strength,187,strength,1
NEEDS_ASSESSMENT,7012,H0193B,ul,mighty,187,strength,1
NEEDS_ASSESSMENT,7009,H0340,a.yav,be hostile,187,strength,1
NEEDS_ASSESSMENT,661,H0353,e.yal,strength,187,strength,1
NEEDS_ASSESSMENT,662,H0360,e.ya.lut,strength,187,strength,1
NEEDS_ASSESSMENT,6749,H0371,in,isn't?,177,worth,1
NEEDS_ASSESSMENT,6968,H0395,akh.ze.riy.yut,cruel,187,strength,1
NEEDS_ASSESSMENT,7027,H0436G,e.lon,[Diviners'] Oak,187,strength,1
NEEDS_ASSESSMENT,664,H0555,o.mets,strength,187,strength,1
NEEDS_ASSESSMENT,663,H0556,am.tsah,strength,187,strength,1
NEEDS_ASSESSMENT,1281,H0963,biz.za.von,contempt,190,contempt,1
NEEDS_ASSESSMENT,1195,H0985,bit.chah,trust,163,trust,1
NEEDS_ASSESSMENT,1204,H0999,bi.nah,understanding,166,understanding,1
NEEDS_ASSESSMENT,7115,H1059,be.kheh,bitterly,188,weeping,1
NEEDS_ASSESSMENT,586,H1079,bal,mind,183,heart,1
NEEDS_ASSESSMENT,2535,H1180,ba.a.li,Baal [used for God],117,peace,1
NEEDS_ASSESSMENT,326,H1317,bosh.nah,shame,146,shame,1
NEEDS_ASSESSMENT,94,H1341,ge,proud,123,pride,1
NEEDS_ASSESSMENT,96,H1344,ge.ah,pride,123,pride,1
NEEDS_ASSESSMENT,6041,H1355,gav,back,123,pride,1
NEEDS_ASSESSMENT,103,H1467,ge.vah,pride,123,pride,1
NEEDS_ASSESSMENT,415,H1585,ge.mar,to complete,117,peace,1
NEEDS_ASSESSMENT,6339,H1588H,gan,[Beth]-haggan,151,sorrow,1
NEEDS_ASSESSMENT,105,H1670,de.a.vah,dismay,151,sorrow,1
NEEDS_ASSESSMENT,106,H1671,de.a.von,sorrow,151,sorrow,1
NEEDS_ASSESSMENT,671,H1679,do.ve,strength,187,strength,1
NEEDS_ASSESSMENT,7044,H1680,da.vav,to glide,187,strength,1
NEEDS_ASSESSMENT,108,H1727,duv,to pine,151,sorrow,1
NEEDS_ASSESSMENT,6387,H1738,da.vah,be sick,151,sorrow,1
NEEDS_ASSESSMENT,6388,H1773,de.yo,ink,151,sorrow,1
NEEDS_ASSESSMENT,7332,H1825,dim.yon,likeness,201,image,1
NEEDS_ASSESSMENT,7118,H1831,de.ma,juice,188,weeping,1
NEEDS_ASSESSMENT,7119,H1833,de.me.sheq,silk,188,weeping,1
NEEDS_ASSESSMENT,1016,H1899,he.geh,moaning,113,mourning,1
NEEDS_ASSESSMENT,4339,H1948,ho.le.lut,madness,112,mind,1
NEEDS_ASSESSMENT,5968,H1966,he.lel,Day Star,121,praise,1
NEEDS_ASSESSMENT,2589,H2010,ha.na.chah,holiday,117,peace,1
NEEDS_ASSESSMENT,5954,H2016,he.phekh,contrariness,120,perverseness,1
NEEDS_ASSESSMENT,5955,H2017,ho.phekh,perversity,120,perverseness,1
NEEDS_ASSESSMENT,5956,H2018,ha.phe.khah,overthrow,120,perverseness,1
NEEDS_ASSESSMENT,5957,H2019,ha.phakh.pakh,crooked,120,perverseness,1
NEEDS_ASSESSMENT,3350,H2031,har.hor,fantasies,160,thought,1
NEEDS_ASSESSMENT,113,H2103,zud,be proud,123,pride,1
NEEDS_ASSESSMENT,1158,H2113,ze.va.ah,trembling,158,terror,1
NEEDS_ASSESSMENT,3380,H2162,za.mam,plan,126,purpose,1
NEEDS_ASSESSMENT,6832,H2235A,ze.ro.a,vegetable,180,yielding,1
NEEDS_ASSESSMENT,6833,H2235B,ze.re.on,vegetable,180,yielding,1
NEEDS_ASSESSMENT,576,H2243,chov,breast,183,heart,1
NEEDS_ASSESSMENT,1157,H2283,chag.ga,terror,158,terror,1
NEEDS_ASSESSMENT,670,H2391,che.zeq,strength,187,strength,1
NEEDS_ASSESSMENT,1122,H2402,chat.ta.ah,sin offering,147,sin,1
NEEDS_ASSESSMENT,6136,H2475,cha.loph,destruction,134,renewal,1
NEEDS_ASSESSMENT,6786,H2574H,cha.mat,[Zobah]-Hamath,178,wrath,1
NEEDS_ASSESSMENT,6787,H2579,cha.mat rab.bah,Hamath the great,178,wrath,1
NEEDS_ASSESSMENT,7108,H2626,cha.sin,mighty,187,strength,1
NEEDS_ASSESSMENT,2781,H2627,chas.sir,lacking,197,authority,1
NEEDS_ASSESSMENT,7109,H2630,cha.san,to hoard,187,strength,1
NEEDS_ASSESSMENT,7110,H2636,chas.pas,to peel,187,strength,1
NEEDS_ASSESSMENT,1155,H2847,chit.tah,terror,158,terror,1
NEEDS_ASSESSMENT,633,H2868,te.ev,be good,186,gladness,1
NEEDS_ASSESSMENT,6060,H2890,te.hor,pureness,125,purity,1
NEEDS_ASSESSMENT,4478,H2954,ta.phash,be insensitive,211,being,1
NEEDS_ASSESSMENT,1215,H3483,ye.sha.rah,uprightness,168,uprightness,1
NEEDS_ASSESSMENT,6964,H3581A,ko.ach,reptile,187,strength,1
NEEDS_ASSESSMENT,328,H3640,ke.lim.mut,shame,146,shame,1
NEEDS_ASSESSMENT,2863,H3676,kes,throne,197,authority,1
NEEDS_ASSESSMENT,6276,H3786,kash.shaph,sorcerer,150,sorcery,1
NEEDS_ASSESSMENT,582,H3821,lev,heart,183,heart,1
NEEDS_ASSESSMENT,5960,H3869,luz,almond,120,perverseness,1
NEEDS_ASSESSMENT,5961,H3891,la.zut,perversity,120,perverseness,1
NEEDS_ASSESSMENT,6637,H4041,me.gam.mah,horde,167,unity,1
NEEDS_ASSESSMENT,154,H4044,me.gin.nah,covering,151,sorrow,1
NEEDS_ASSESSMENT,6042,H4062,mad.he.vah,insolence,123,pride,1
NEEDS_ASSESSMENT,1046,H4110,ma.ha.lal,praise,121,praise,1
NEEDS_ASSESSMENT,7426,H4192,lab.ben,[Muth-]labben,210,deadness,1
NEEDS_ASSESSMENT,6436,H4247,me.chil.lah,hole,151,sorrow,1
NEEDS_ASSESSMENT,1264,H4263,mach.mal,compassion,179,yearning,1
NEEDS_ASSESSMENT,6725,H4566,ma.bad,work,176,worship,1
NEEDS_ASSESSMENT,1802,H4577,me.a,belly,183,heart,1
NEEDS_ASSESSMENT,7416,H4589,ma.or,nakedness,206,vulnerability,1
NEEDS_ASSESSMENT,159,H4620,ma.a.tse.vah,torment,151,sorrow,1
NEEDS_ASSESSMENT,6211,H4622,ma.tsor,restraint,142,self-control,1
NEEDS_ASSESSMENT,1109,H4623,ma.tsar,restraint,142,self-control,1
NEEDS_ASSESSMENT,7410,H4626,ma.ar,nakedness,206,vulnerability,1
NEEDS_ASSESSMENT,7411,H4629H,ma.a.reh,gap,206,vulnerability,1
NEEDS_ASSESSMENT,6755,H4633,ma.a.rakh,plan,177,worth,1
NEEDS_ASSESSMENT,7417,H4636,ma.a.rom,naked,206,vulnerability,1
NEEDS_ASSESSMENT,6701,H4652,miph.la.ah,wonder,175,wonder,1
NEEDS_ASSESSMENT,6467,H4695,mats.tsut,strife,152,strife,1
NEEDS_ASSESSMENT,2593,H4771,mar.go.a,rest,117,peace,1
NEEDS_ASSESSMENT,2594,H4774,mar.ge.ah,repose,117,peace,1
NEEDS_ASSESSMENT,1088,H4776,me.rad,rebellion,128,rebellion,1
NEEDS_ASSESSMENT,1087,H4777,me.red,rebellion,128,rebellion,1
NEEDS_ASSESSMENT,6090,H4780,mar.dut,rebellious,128,rebellion,1
NEEDS_ASSESSMENT,1014,H4798,mar.ze.ach,mourning,113,mourning,1
NEEDS_ASSESSMENT,6650,H4849,mir.sha.at,wickedness,172,wickedness,1
NEEDS_ASSESSMENT,2974,H4896,mish.tar,rule,199,dominion,1
NEEDS_ASSESSMENT,6052,H5017,ne.vu.ah,prophesying,124,prophecy,1
NEEDS_ASSESSMENT,7158,H5040,nav.lut,lewdness,190,contempt,1
NEEDS_ASSESSMENT,3080,H5082,ne.di.vah,honor,173,will,1
NEEDS_ASSESSMENT,1037,H5115A,na.vah,to beautify,121,praise,1
NEEDS_ASSESSMENT,443,H5164,no.cham,repentance,135,repentance,1
NEEDS_ASSESSMENT,648,H5326,nits.bah,firmness,187,strength,1
NEEDS_ASSESSMENT,6713,H5452,se.var,to intend,176,worship,1
NEEDS_ASSESSMENT,6481,H5463,se.gar,to shut,156,surrender,1
NEEDS_ASSESSMENT,6482,H5474,su.gar,cage,156,surrender,1
NEEDS_ASSESSMENT,4198,H5588,se.eph,divided,112,mind,1
NEEDS_ASSESSMENT,6726,H5652,a.vad,work,176,worship,1
NEEDS_ASSESSMENT,7418,H5783,ur,be exposed,206,vulnerability,1
NEEDS_ASSESSMENT,7096,H5948,a.lil,furnace,187,strength,1
NEEDS_ASSESSMENT,1096,H5951,a.li.tsut,exultation,132,rejoicing,1
NEEDS_ASSESSMENT,7353,H6101,a.tsel,be sluggish,208,sloth,1
NEEDS_ASSESSMENT,7354,H6104,ats.lut,sluggishness,208,sloth,1
NEEDS_ASSESSMENT,6212,H6114,e.tser,magistrate,142,self-control,1
NEEDS_ASSESSMENT,7412,H6169,a.rah,bulrush,206,vulnerability,1
NEEDS_ASSESSMENT,7413,H6171,a.rod,wild donkey,206,vulnerability,1
NEEDS_ASSESSMENT,1182,H6245A,a.shat,to gleam,160,thought,1
NEEDS_ASSESSMENT,3445,H6245B,a.shat,to think,160,thought,1
NEEDS_ASSESSMENT,3482,H6246,a.shit,to plan,160,thought,1
NEEDS_ASSESSMENT,1178,H6248,ash.tut,thought,160,thought,1
NEEDS_ASSESSMENT,3442,H6250,esh.to.nah,thought,160,thought,1
NEEDS_ASSESSMENT,4485,H6349,pa.chaz,recklessness,211,being,1
NEEDS_ASSESSMENT,616,H6371,pi.mah,excess fat,185,flesh,1
NEEDS_ASSESSMENT,2895,H6488,pe.qi.dut,oversight,197,authority,1
NEEDS_ASSESSMENT,1191,H6580,pash,folly,162,transgression,1
NEEDS_ASSESSMENT,6085,H6592,pe.sher,interpretation,128,rebellion,1
NEEDS_ASSESSMENT,3591,H6656,tse.da,intended,126,purpose,1
NEEDS_ASSESSMENT,1017,H6941,qe.do.ran.nit,mournfully,113,mourning,1
NEEDS_ASSESSMENT,7000,H6968,qo.me.miy.yut,uprightness,187,strength,1
NEEDS_ASSESSMENT,1013,H6969,qi.nen,to chant,113,mourning,1
NEEDS_ASSESSMENT,7001,H7009,qim,adversary,187,strength,1
NEEDS_ASSESSMENT,7002,H7012,qi.mah,rising,187,strength,1
NEEDS_ASSESSMENT,318,H7022,qi.qa.lon,disgrace,146,shame,1
NEEDS_ASSESSMENT,439,H7067G,qan.na,Jealous [God],117,peace,1
NEEDS_ASSESSMENT,256,H7109,qe.tsaph,wrath,178,wrath,1
NEEDS_ASSESSMENT,1146,H7190,qe.shi,stubbornness,153,stubbornness,1
NEEDS_ASSESSMENT,2595,H7282,ra.ge.a,restful,117,peace,1
NEEDS_ASSESSMENT,231,H7295,ra.hav,proud,123,pride,1
NEEDS_ASSESSMENT,232,H7296,ro.hav,pride,123,pride,1
NEEDS_ASSESSMENT,6031,H7315,rom,hight,123,pride,1
NEEDS_ASSESSMENT,6032,H7317,ro.mah,haughtily,123,pride,1
NEEDS_ASSESSMENT,988,H7359,ra.cha.min,compassion,111,mercy,1
NEEDS_ASSESSMENT,4160,H7365,re.chats,to trust,163,trust,1
NEEDS_ASSESSMENT,6033,H7419,ra.mut,refuse,123,pride,1
NEEDS_ASSESSMENT,6034,H7427,ro.me.mut,uplifting,123,pride,1
NEEDS_ASSESSMENT,6035,H7433,ra.mot ,Ramoth [Gilead],123,pride,1
NEEDS_ASSESSMENT,6363,H7465,ro.ah,to shatter,151,sorrow,1
NEEDS_ASSESSMENT,2838,H7558,rish.yon,permission,197,authority,1
NEEDS_ASSESSMENT,3012,H7608,sha.a.rah,kinswomen,185,flesh,1
NEEDS_ASSESSMENT,1044,H7623A,sha.vach,to soothe,121,praise,1
NEEDS_ASSESSMENT,4483,H7672,she.vash,be perplexed,211,being,1
NEEDS_ASSESSMENT,6733,H7739A,she.vah,be like,177,worth,1
NEEDS_ASSESSMENT,6734,H7739B,she.vah,be set,177,worth,1
NEEDS_ASSESSMENT,1181,H7808,se.ach,thought,160,thought,1
NEEDS_ASSESSMENT,2978,H7886,shi.loh,`tribute`,199,dominion,1
NEEDS_ASSESSMENT,583,H7907,sekh.vi,heart,183,heart,1
NEEDS_ASSESSMENT,2577,H7946,shal.a.nan,at ease,117,peace,1
NEEDS_ASSESSMENT,1304,H7980,sha.lat,to domineer,196,power,1
NEEDS_ASSESSMENT,2807,H7986,shal.le.tet,imperious,197,authority,1
NEEDS_ASSESSMENT,1312,H7989,shal.lit,domineering,196,power,1
NEEDS_ASSESSMENT,317,H8103,shim.tsah,derision,146,shame,1
NEEDS_ASSESSMENT,2583,H8253,she.qet,quietness,117,peace,1
NEEDS_ASSESSMENT,3037,H8306,sha.rir,muscle,153,stubbornness,1
NEEDS_ASSESSMENT,3038,H8326,sho.rer,navel,153,stubbornness,1
NEEDS_ASSESSMENT,660,H8617,te.qu.mah,standing,187,strength,1
NEEDS_ASSESSMENT,7003,H8618,te.qo.mem,to confront,187,strength,1
NEEDS_ASSESSMENT,2849,H8623,taq.qiph,mighty,197,authority,1
NEEDS_ASSESSMENT,2850,H8632A,te.qaph,might,197,authority,1
NEEDS_ASSESSMENT,2851,H8632B,te.qoph,might,197,authority,1
NEEDS_ASSESSMENT,6256,H8637,tir.gal,to teach,149,slander,1
NEEDS_ASSESSMENT,6036,H8642,te.ru.miy.yah,contribution,123,pride,1
PARTICLE,1210,H1571,gam,also,167,unity,404
PARTICLE,1236,H5704,ad,till,173,will,260
PARTICLE,1069,H4616,ma.an,because,126,purpose,228
PARTICLE,654,H3966,me.od,much,187,strength,220
PARTICLE,1110,H0369,a.yin,nothing,142,self-control,218
PARTICLE,990,H5750,od,still,111,mercy,170
PARTICLE,1119,H0408,al,not,147,sin,163
PARTICLE,1227,G3361,mē,not,173,will,60
PARTICLE,1230,H3426,yesh,there,173,will,60
PARTICLE,1337,H6435,pen-,lest,198,might,43
PARTICLE,1183,H0194,u.lay,perhaps,160,thought,28
PARTICLE,7492,H5227,no.khach,before,168,uprightness,24
PARTICLE,1159,H7535,raq,except,158,terror,24
PARTICLE,1237,H4970,ma.tay,how,173,will,16
PARTICLE,6635,H3173,ya.chid,only,167,unity,12
PARTICLE,1289,G3843,pantōs,surely,191,doubt,8
PARTICLE,6602,G1211,dē,so,165,unbelief,5
PARTICLE,1349,G3379,mēpote,lest,198,might,4
PHYSICAL_NOUN,2816,H3027G,yad,hand,197,authority,375
PHYSICAL_NOUN,6989,H4725,ma.qom,place,187,strength,295
PHYSICAL_NOUN,7007,H0341,o.yev,enemy,187,strength,244
PHYSICAL_NOUN,6253,H7272,re.gel,foot,149,slander,229
PHYSICAL_NOUN,618,H1320,ba.sar,flesh,185,flesh,205
PHYSICAL_NOUN,6030,H7311B,ra.mam,be rotten,123,pride,184
PHYSICAL_NOUN,1248,H7812,sha.chah,to bow,176,worship,158
PHYSICAL_NOUN,6784,H2346G,cho.mah,wall,178,wrath,121
PHYSICAL_NOUN,6889,H6106G,e.tsem,bone,187,strength,88
PHYSICAL_NOUN,625,G4561,sarx,flesh,185,flesh,85
PHYSICAL_NOUN,6836,G5204,hudōr,water,180,yielding,68
PHYSICAL_NOUN,1121,G3303,men,on the other hand,147,sin,50
PHYSICAL_NOUN,7056,G3624H,oikos,house: household,187,strength,32
PHYSICAL_NOUN,982,H3727,kap.po.ret,mercy seat,111,mercy,22
PHYSICAL_NOUN,6890,H6106H,e.tsem,bone: same,187,strength,18
PHYSICAL_NOUN,2828,H3027S,yad,hand: vow,197,authority,17
PHYSICAL_NOUN,2827,H3027R,yad,hand: donate,197,authority,16
PHYSICAL_NOUN,1315,H3028,yad,hand,196,power,16
PHYSICAL_NOUN,619,H7607,she.er,flesh,185,flesh,16
PHYSICAL_NOUN,2815,H3027W,yad,hand: owner,197,authority,13
PHYSICAL_NOUN,7059,G3617,oikodespotēs,householder,187,strength,12
PHYSICAL_NOUN,6902,H1419J,ga.dol,Great [Sea],187,strength,12
PHYSICAL_NOUN,1385,H5315K,ne.phesh,soul: animal,182,Soul,12
PHYSICAL_NOUN,6254,H7273,rag.li,on foot,149,slander,12
PHYSICAL_NOUN,3028,H6631,tse.e.tsa,offspring,156,surrender,11
PHYSICAL_NOUN,3043,H2102,zid,to boil,123,pride,10
PHYSICAL_NOUN,7062,G3614H,oikia,home: household,187,strength,9
PHYSICAL_NOUN,7163,H2966,te.re.phah,torn animal,191,doubt,9
PHYSICAL_NOUN,936,H3336,ye.tser,intention,93,intention,9
PHYSICAL_NOUN,2855,H3678I,kis.se,throne: seat,197,authority,9
PHYSICAL_NOUN,626,G4559,sarkikos,fleshly,185,flesh,8
PHYSICAL_NOUN,7020,H0363,i.lan,tree,187,strength,6
PHYSICAL_NOUN,193,H6089A,e.tsev,toil,151,sorrow,6
PHYSICAL_NOUN,1131,H1681,dib.bah,slander,149,slander,5
PHYSICAL_NOUN,522,H6195,or.mah,craftiness,174,wisdom,5
PHYSICAL_NOUN,6028,H7413,ra.mah,high place,123,pride,5
PHYSICAL_NOUN,6904,H1432,ga.del,growing,187,strength,4
PHYSICAL_NOUN,7068,G3609,oikeios,of one’s household,187,strength,3
PHYSICAL_NOUN,6947,H0181,ud,firebrand,187,strength,3
PHYSICAL_NOUN,617,H1321,be.shar,flesh,185,flesh,3
PHYSICAL_NOUN,195,H6093,its.tsa.von,toil,151,sorrow,3
PHYSICAL_NOUN,1133,H7400,ra.khil,slander,149,slander,3
PHYSICAL_NOUN,1128,G2636,katalalia,slander,149,slander,2
PHYSICAL_NOUN,2797,G4173,politarchēs,city authority,197,authority,2
PHYSICAL_NOUN,3008,G4560,sarkinos,fleshly,185,flesh,2
PHYSICAL_NOUN,6831,H2221,ze.ru.a,sowing,180,yielding,2
PHYSICAL_NOUN,6785,H2346H,cho.mah,[Broad] Wall,178,wrath,2
PHYSICAL_NOUN,6973,H2906,tur,mountain,187,strength,2
PHYSICAL_NOUN,6672,H2953,te.phar,nail/claw,174,wisdom,2
PHYSICAL_NOUN,6386,H4064,mad.veh,disease,151,sorrow,2
PHYSICAL_NOUN,6891,H6106I,e.tsem,bone: body,187,strength,2
PHYSICAL_NOUN,6706,H7825,she.chit,pit,176,worship,2
PHYSICAL_NOUN,622,H8270,shor,umbilical cord,185,flesh,2
PHYSICAL_NOUN,6945,H8651,te.ra,door,187,strength,2
PHYSICAL_NOUN,6116,G1000,bolē,throwing,131,rejection,1
PHYSICAL_NOUN,1134,G1426,dusfēmia,slander,149,slander,1
PHYSICAL_NOUN,1207,G1990,epistēmōn,knowing,166,understanding,1
PHYSICAL_NOUN,6252,G2637,katalalos,slanderous,149,slander,1
PHYSICAL_NOUN,7074,G3616,oikodespoteō,to manage a house,187,strength,1
PHYSICAL_NOUN,7077,G3832,panoiki,with all the house,187,strength,1
PHYSICAL_NOUN,1130,H1848,do.phi,slander,149,slander,1
PHYSICAL_NOUN,5995,H2169,ze.mer,mountain goat,121,praise,1
PHYSICAL_NOUN,1132,H3960,la.shan,to slander,149,slander,1
PHYSICAL_NOUN,6834,H4218,miz.ra,sowing,180,yielding,1
PHYSICAL_NOUN,6137,H4252,ma.cha.laph,knife,134,renewal,1
PHYSICAL_NOUN,6009,H4714I,mits.ra.yim,[Sea of] Egypt,123,pride,1
PHYSICAL_NOUN,6707,H7816,she.chut,pit,176,worship,1
PHYSICAL_NOUN,6946,H8652,ta.ra,doorkeeper,187,strength,1
PREPOSITION,1345,H4481,min-,from,198,might,60
PRONOUN,6499,H0859B,t.ti,you [f.s.],156,surrender,359
PRONOUN,6502,H0859E,at.ten,you [f.p.],156,surrender,359
PRONOUN,2817,H3027H,yad,hand: power,197,authority,278
PRONOUN,6501,H0859D,at.tem,you [m.p.],156,surrender,234
PRONOUN,1235,H1980G,ha.lakh,to go: went,173,will,220
PRONOUN,1238,H3427,ya.shav,to dwell,173,will,216
PRONOUN,1383,H5315I,ne.phesh,soul: myself,182,Soul,126
PRONOUN,684,G1411,dunamis,power,187,strength,107
PRONOUN,1270,H1058,ba.khah,to weep,188,weeping,100
PRONOUN,1040,H0587,a.nach.nu,we,121,praise,61
PRONOUN,6500,H0859C,at,you [f.s.],156,surrender,57
PRONOUN,6900,H4026M,mig.dal,tower,187,strength,39
PRONOUN,1231,H1836,de.nah,this,173,will,33
PRONOUN,1269,H1065,be.khi,weeping,188,weeping,29
PRONOUN,6641,G0770H,astheneō,be weak: ill,170,weakness,18
PRONOUN,6639,G0772G,asthenēs,weak,170,weakness,18
PRONOUN,153,H3811,la.ah,be weary,116,patience,18
PRONOUN,1219,G0769G,astheneia,weakness: weak,170,weakness,14
PRONOUN,6642,G0770G,astheneō,be weak: weak,170,weakness,13
PRONOUN,685,G2904,kratos,power,187,strength,12
PRONOUN,6638,G0769H,astheneia,weakness: ill,170,weakness,9
PRONOUN,1271,G2805,klauthmos,weeping,188,weeping,9
PRONOUN,7061,G3611,oikeō,to dwell,187,strength,9
PRONOUN,1018,G2799,klaiō,to weep,113,mourning,8
PRONOUN,6640,G0772H,asthenēs,weak: ill,170,weakness,7
PRONOUN,1071,H4617,ma.a.neh,answer,126,purpose,7
PRONOUN,1393,G5590I,psuchē,soul: myself,182,Soul,6
PRONOUN,7065,G1774,enoikeō,to dwell in/with,187,strength,5
PRONOUN,681,H2633,cho.sen,wealth,187,strength,5
PRONOUN,2832,H3027X,yad,hand: swear,197,authority,5
PRONOUN,4188,G4998,sōfrōn,self-controlled,112,mind,4
PRONOUN,1106,G1466,enkrateia,self-control,142,self-control,3
PRONOUN,6905,H4026G,mig.dal,[Hananel] Tower,187,strength,3
PRONOUN,656,H8633,to.qeph,power,187,strength,3
PRONOUN,3089,G0829,authadēs,self-willed,173,will,2
PRONOUN,3081,G0830,authairetos,self-chosen,173,will,2
PRONOUN,1107,G1467,enkrateuomai,to self-control,142,self-control,2
PRONOUN,599,G2589,kardiognōstēs,heart-knower,183,heart,2
PRONOUN,7070,G3613,oikētērion,dwelling,187,strength,2
PRONOUN,6907,H4029,mig.dal-e.der,tower of Eder,187,strength,2
PRONOUN,1313,H7983,shil.ton,power,196,power,2
PRONOUN,1111,G0192,akrasia,self-indulgence,142,self-control,1
PRONOUN,6643,G0771,asthenēma,weakness,170,weakness,1
PRONOUN,689,G1412,dunamoō,to empower,187,strength,1
PRONOUN,6203,G1468,enkratēs,self-controlled,142,self-control,1
PRONOUN,691,G1840,exischuō,to have power,187,strength,1
PRONOUN,7078,G4039,perioikeō,to dwell around,187,strength,1
PRONOUN,1112,G4995,sōfronismos,self-discipline,142,self-control,1
PRONOUN,4191,G4996,sōfronōs,in self-control,112,mind,1
PRONOUN,1273,H1068,be.khit,weeping,188,weeping,1
PRONOUN,7117,H1830,da.ma,to weep,188,weeping,1
PRONOUN,5958,H2021,ho.tsen,weapon,120,perverseness,1
PRONOUN,6908,H4024A,mig.dol,tower,187,strength,1
PRONOUN,6909,H4026H,mig.dal,Tower [of the Hundred],187,strength,1
PRONOUN,6910,H4026I,mig.dal,Tower [Of the Ovens],187,strength,1
PRONOUN,7151,H7750,sut,to swerve,190,contempt,1
PRONOUN,1311,H8592,ta.a.tsu.mah,power,196,power,1
PROPER_NOUN,6888,H4208,maz.za.lot,constellation,187,strength,1
QUANTIFIER,7183,G3837,pantachou,everywhere,191,doubt,7
QUANTIFIER,450,H7725N,shuv,to return: recall,135,repentance,7
QUANTIFIER,7024,H0425L,e.lah,[Valley of] Elah,187,strength,3
QUANTIFIER,6830,H3157L,yiz.re.el,[Valley of] Jezreel,180,yielding,3
QUANTIFIER,7185,G3840,pantothen,from all sides,191,doubt,2
QUANTIFIER,332,G0524,apalgeō,to become callous,146,shame,1
QUANTIFIER,6518,G0679,aptaistos,without falling,157,temptation,1
QUANTIFIER,7186,G3836,pantachothen,from all sides,191,doubt,1
QUANTIFIER,2857,H3678H,kis.se,[Hall of] the Throne,197,authority,1
