strongs_number,transliteration,language,owner_count,owner_registries
H2616A,cha.sad,Hebrew,8,"103-love,146-shame,111-mercy,59-faith,23-compassion,46-devotion,99-kindness,104-loyalty"
H2617B,che.sed,Hebrew,8,"103-love,146-shame,111-mercy,59-faith,23-compassion,46-devotion,99-kindness,104-loyalty"
H5314,na.phash,Hebrew,8,"182-Soul,183-heart,43-desire,184-spirit,8-appetite,70-greed,187-strength,193-craving"
H5317,no.phet,Hebrew,8,"182-Soul,183-heart,43-desire,184-spirit,8-appetite,70-greed,187-strength,193-craving"
G4862,sun,Greek,7,"184-spirit,97-joy,26-conscience,173-will,34-covenant,42-delight,151-sorrow"
H2344,chol,Hebrew,7,"61-fear,78-hope,163-trust,5-anguish,51-distress,151-sorrow,2-agony"
H2426,chel,Hebrew,7,"61-fear,78-hope,163-trust,5-anguish,51-distress,151-sorrow,2-agony"
H2430,che.lah,Hebrew,7,"61-fear,78-hope,163-trust,5-anguish,51-distress,151-sorrow,2-agony"
H2624,cha.si.dah,Hebrew,7,"103-love,111-mercy,59-faith,23-compassion,46-devotion,99-kindness,104-loyalty"
H3027G,yad,Hebrew,7,"197-authority,199-dominion,33-courage,65-generosity,121-praise,187-strength,196-power"
H3027H,yad,Hebrew,7,"197-authority,199-dominion,33-courage,65-generosity,121-praise,187-strength,196-power"
H3027I,yad,Hebrew,7,"197-authority,199-dominion,33-courage,65-generosity,121-praise,187-strength,196-power"
H3027J,yad,Hebrew,7,"197-authority,199-dominion,33-courage,65-generosity,121-praise,187-strength,196-power"
H3027K,yad,Hebrew,7,"197-authority,199-dominion,33-courage,65-generosity,121-praise,187-strength,196-power"
H3027L,yad,Hebrew,7,"197-authority,199-dominion,33-courage,65-generosity,121-praise,187-strength,196-power"
H3027M,yad,Hebrew,7,"197-authority,199-dominion,33-courage,65-generosity,121-praise,187-strength,196-power"
H3027N,yad,Hebrew,7,"197-authority,199-dominion,33-courage,65-generosity,121-praise,187-strength,196-power"
H3027O,yad,Hebrew,7,"197-authority,199-dominion,33-courage,65-generosity,121-praise,187-strength,196-power"
H3027P,yad,Hebrew,7,"197-authority,199-dominion,33-courage,65-generosity,121-praise,187-strength,196-power"
H3027Q,yad,Hebrew,7,"197-authority,199-dominion,33-courage,65-generosity,121-praise,187-strength,196-power"
H3027R,yad,Hebrew,7,"197-authority,199-dominion,33-courage,65-generosity,121-praise,187-strength,196-power"
H3027S,yad,Hebrew,7,"197-authority,199-dominion,33-courage,65-generosity,121-praise,187-strength,196-power"
H3027T,yad,Hebrew,7,"197-authority,199-dominion,33-courage,65-generosity,121-praise,187-strength,196-power"
H3027U,yad,Hebrew,7,"197-authority,199-dominion,33-courage,65-generosity,121-praise,187-strength,196-power"
H3027V,yad,Hebrew,7,"197-authority,199-dominion,33-courage,65-generosity,121-praise,187-strength,196-power"
H3027W,yad,Hebrew,7,"197-authority,199-dominion,33-courage,65-generosity,121-praise,187-strength,196-power"
H3027X,yad,Hebrew,7,"197-authority,199-dominion,33-courage,65-generosity,121-praise,187-strength,196-power"
H3588B,ki m,Hebrew,7,"28-consecration,52-division,67-goodness,87-indignation,92-integrity,108-meditation,139-righteousness"
H3588C,ki al ken,Hebrew,7,"28-consecration,52-division,67-goodness,87-indignation,92-integrity,108-meditation,139-righteousness"
H4234,ma.chol,Hebrew,7,"61-fear,78-hope,163-trust,5-anguish,51-distress,151-sorrow,2-agony"
H4246,me.cho.lah,Hebrew,7,"61-fear,78-hope,163-trust,5-anguish,51-distress,151-sorrow,2-agony"
H4827,me.ra,Hebrew,7,"71-grief,5-anguish,51-distress,57-evil,151-sorrow,172-wickedness,189-malice"
H7451B,ra,Hebrew,7,"71-grief,5-anguish,51-distress,57-evil,151-sorrow,172-wickedness,189-malice"
H7451H,ra,Hebrew,7,"71-grief,5-anguish,51-distress,57-evil,151-sorrow,172-wickedness,189-malice"
H7489B,ra.a,Hebrew,7,"71-grief,5-anguish,51-distress,57-evil,151-sorrow,172-wickedness,189-malice"
G0050,agnoeō,Greek,6,"183-heart,26-conscience,126-purpose,211-being,100-knowledge,129-recognition"
G0120,athumeō,Greek,6,"43-desire,185-flesh,173-will,211-being,35-covetousness,105-lust"
G2095,eu,Greek,6,"61-fear,183-heart,43-desire,126-purpose,42-delight,137-resolve"
H3709H,kaph,Hebrew,6,"197-authority,199-dominion,33-courage,65-generosity,187-strength,196-power"
H3709I,kaph,Hebrew,6,"197-authority,199-dominion,33-courage,65-generosity,187-strength,196-power"
G0052,agnoia,Greek,5,"183-heart,26-conscience,126-purpose,100-knowledge,129-recognition"
G0057,agnōstos,Greek,5,"183-heart,26-conscience,126-purpose,100-knowledge,129-recognition"
G0314,anaginōskō,Greek,5,"183-heart,26-conscience,126-purpose,100-knowledge,129-recognition"
G0319,anagnōrizō,Greek,5,"183-heart,26-conscience,126-purpose,100-knowledge,129-recognition"
G1011,bouleuō,Greek,5,"43-desire,173-will,126-purpose,112-mind,32-counsel"
G1097,ginōskō,Greek,5,"183-heart,26-conscience,126-purpose,100-knowledge,129-recognition"
G1107,gnōrizō,Greek,5,"183-heart,26-conscience,126-purpose,100-knowledge,129-recognition"
G1109,gnōstēs,Greek,5,"183-heart,26-conscience,126-purpose,100-knowledge,129-recognition"
G1110,gnōstos gnōrimos,Greek,5,"183-heart,26-conscience,126-purpose,100-knowledge,129-recognition"
G1231,diaginōskō,Greek,5,"183-heart,26-conscience,126-purpose,100-knowledge,129-recognition"
G1232,diagnōrizō,Greek,5,"183-heart,26-conscience,126-purpose,100-knowledge,129-recognition"
G1492H,eidō,Greek,5,"183-heart,26-conscience,126-purpose,100-knowledge,129-recognition"
G1492I,eidō,Greek,5,"183-heart,26-conscience,126-purpose,100-knowledge,129-recognition"
G2106,eudokeō,Greek,5,"43-desire,173-will,126-purpose,42-delight,137-resolve"
G2114,euthumeō,Greek,5,"43-desire,185-flesh,173-will,35-covetousness,105-lust"
G2115,euthumos,Greek,5,"43-desire,185-flesh,173-will,35-covetousness,105-lust"
G3844,para,Greek,5,"4-anger,146-shame,43-desire,212-pray,205-resentment"
G4267,proginōskō,Greek,5,"183-heart,26-conscience,126-purpose,100-knowledge,129-recognition"
G4268,prognōsis,Greek,5,"183-heart,26-conscience,126-purpose,100-knowledge,129-recognition"
G4275,proeidon,Greek,5,"183-heart,26-conscience,126-purpose,100-knowledge,129-recognition"
G4288,prothumia,Greek,5,"43-desire,185-flesh,173-will,35-covetousness,105-lust"
G4289,prothumos,Greek,5,"43-desire,185-flesh,173-will,35-covetousness,105-lust"
G4290,prothumōs,Greek,5,"43-desire,185-flesh,173-will,35-covetousness,105-lust"
G4774,sungnōmē,Greek,5,"183-heart,26-conscience,126-purpose,100-knowledge,129-recognition"
H0525,a.mon,Hebrew,5,"59-faith,163-trust,44-despair,60-faithfulness,191-doubt"
H0540,a.man,Hebrew,5,"59-faith,163-trust,44-despair,60-faithfulness,191-doubt"
H0542,am.man,Hebrew,5,"59-faith,163-trust,44-despair,60-faithfulness,191-doubt"
H0543,a.men,Hebrew,5,"59-faith,163-trust,44-despair,60-faithfulness,191-doubt"
H0544,o.men,Hebrew,5,"59-faith,163-trust,44-despair,60-faithfulness,191-doubt"
H0545,om.nah,Hebrew,5,"59-faith,163-trust,44-despair,60-faithfulness,191-doubt"
H0546,om.nah,Hebrew,5,"59-faith,163-trust,44-despair,60-faithfulness,191-doubt"
H0547,o.me.nah,Hebrew,5,"59-faith,163-trust,44-despair,60-faithfulness,191-doubt"
H0552,um.nam,Hebrew,5,"59-faith,163-trust,44-despair,60-faithfulness,191-doubt"
H0571H,e.met,Hebrew,5,"59-faith,163-trust,44-despair,60-faithfulness,191-doubt"
H0571I,e.met,Hebrew,5,"59-faith,163-trust,44-despair,60-faithfulness,191-doubt"
H0996G,ba.yin,Hebrew,5,"160-thought,49-discernment,91-insight,166-understanding,174-wisdom"
H0996H,ba.yin,Hebrew,5,"160-thought,49-discernment,91-insight,166-understanding,174-wisdom"
H1002,bi.rah,Hebrew,5,"160-thought,49-discernment,91-insight,166-understanding,174-wisdom"
H1003,bi.ra.nit,Hebrew,5,"160-thought,49-discernment,91-insight,166-understanding,174-wisdom"
H1004A,bet,Hebrew,5,"160-thought,49-discernment,91-insight,166-understanding,174-wisdom"
H1004H,ba.yit,Hebrew,5,"160-thought,49-discernment,91-insight,166-understanding,174-wisdom"
H1004J,ba.yit,Hebrew,5,"160-thought,49-discernment,91-insight,166-understanding,174-wisdom"
H1004K,ba.yit,Hebrew,5,"160-thought,49-discernment,91-insight,166-understanding,174-wisdom"
H1004M,ba.yit,Hebrew,5,"160-thought,49-discernment,91-insight,166-understanding,174-wisdom"
H1004N,ba.yit,Hebrew,5,"160-thought,49-discernment,91-insight,166-understanding,174-wisdom"
H1004O,ba.yit,Hebrew,5,"160-thought,49-discernment,91-insight,166-understanding,174-wisdom"
H1143,be.na.yim,Hebrew,5,"160-thought,49-discernment,91-insight,166-understanding,174-wisdom"
H2433,chin,Hebrew,5,"212-pray,73-guilt,111-mercy,23-compassion,68-grace"
H2551,chem.lah,Hebrew,5,"43-desire,111-mercy,42-delight,23-compassion,179-yearning"
H2587,chan.nun,Hebrew,5,"212-pray,73-guilt,111-mercy,23-compassion,68-grace"
H2594,cha.ni.nah,Hebrew,5,"212-pray,73-guilt,111-mercy,23-compassion,68-grace"
H2603B,cha.nan,Hebrew,5,"212-pray,73-guilt,111-mercy,23-compassion,68-grace"
H2606,cha.nan.el,Hebrew,5,"212-pray,73-guilt,111-mercy,23-compassion,68-grace"
H3068H,ye.ho.vah,Hebrew,5,"43-desire,117-peace,42-delight,105-lust,193-craving"
H3068I,ye.ho.vah,Hebrew,5,"43-desire,117-peace,42-delight,105-lust,193-craving"
H3710,keph,Hebrew,5,"4-anger,71-grief,87-indignation,151-sorrow,178-wrath"
H4000,ma.von,Hebrew,5,"160-thought,49-discernment,91-insight,166-understanding,174-wisdom"
H5920H,al,Hebrew,5,"117-peace,160-thought,52-division,67-goodness,108-meditation"
H5945A,el.yon,Hebrew,5,"117-peace,160-thought,52-division,67-goodness,108-meditation"
H5945B,el.yon,Hebrew,5,"117-peace,160-thought,52-division,67-goodness,108-meditation"
H5945G,el.yon,Hebrew,5,"117-peace,160-thought,52-division,67-goodness,108-meditation"
H5945H,el.yon,Hebrew,5,"117-peace,160-thought,52-division,67-goodness,108-meditation"
H6031B,a.nah,Hebrew,5,"71-grief,80-humility,109-meekness,66-gentleness,151-sorrow"
H6033,a.na,Hebrew,5,"71-grief,80-humility,109-meekness,66-gentleness,151-sorrow"
H6039,e.nut,Hebrew,5,"71-grief,80-humility,109-meekness,66-gentleness,151-sorrow"
H6965B,qum,Hebrew,5,"183-heart,184-spirit,33-courage,166-understanding,187-strength"
H6965H,qum,Hebrew,5,"183-heart,184-spirit,33-courage,166-understanding,187-strength"
H6965I,qum,Hebrew,5,"183-heart,184-spirit,33-courage,166-understanding,187-strength"
H6965J,qum,Hebrew,5,"183-heart,184-spirit,33-courage,166-understanding,187-strength"
H6965K,qum,Hebrew,5,"183-heart,184-spirit,33-courage,166-understanding,187-strength"
H8589,ta.a.nit,Hebrew,5,"71-grief,80-humility,109-meekness,66-gentleness,151-sorrow"
G0101,adunateō,Greek,4,"197-authority,107-meaning,187-strength,196-power"
G0569,apisteō,Greek,4,"59-faith,163-trust,60-faithfulness,165-unbelief"
G0571,apistos,Greek,4,"59-faith,163-trust,60-faithfulness,165-unbelief"
G1374,dipsuchos,Greek,4,"182-Soul,183-heart,184-spirit,112-mind"
G1410,dunamai,Greek,4,"197-authority,107-meaning,187-strength,196-power"
G1413,dunastēs,Greek,4,"197-authority,107-meaning,187-strength,196-power"
G1414,dunateō,Greek,4,"197-authority,107-meaning,187-strength,196-power"
G1832,exesti exon,Greek,4,"197-authority,199-dominion,187-strength,196-power"
G1917,epiboulē,Greek,4,"43-desire,173-will,126-purpose,32-counsel"
G2204,zeō,Greek,4,"56-envy,211-being,96-jealousy,181-zeal"
G2473,isopsuchos,Greek,4,"182-Soul,183-heart,184-spirit,112-mind"
G2616,katadunasteuō,Greek,4,"197-authority,107-meaning,187-strength,196-power"
G3328,metaballō,Greek,4,"135-repentance,112-mind,209-likeness,202-transformation"
G4101,pistikos,Greek,4,"59-faith,163-trust,60-faithfulness,165-unbelief"
G4102H,pistis,Greek,4,"59-faith,163-trust,60-faithfulness,165-unbelief"
G4104,pistoō,Greek,4,"59-faith,163-trust,60-faithfulness,165-unbelief"
G5424,frēn,Greek,4,"80-humility,160-thought,112-mind,211-being"
H0518H,im,Hebrew,4,"28-consecration,87-indignation,92-integrity,139-righteousness"
H0518I,im,Hebrew,4,"28-consecration,87-indignation,92-integrity,139-righteousness"
H0518J,im,Hebrew,4,"28-consecration,87-indignation,92-integrity,139-righteousness"
H0599,a.naph,Hebrew,4,"4-anger,116-patience,123-pride,178-wrath"
H0600,a.naph,Hebrew,4,"4-anger,116-patience,123-pride,178-wrath"
H0601,a.na.phah,Hebrew,4,"4-anger,116-patience,123-pride,178-wrath"
H1481B,gur,Hebrew,4,"61-fear,11-awe,152-strife,158-terror"
H1933A,ha.va,Hebrew,4,"43-desire,105-lust,139-righteousness,193-craving"
H1933B,ha.vah,Hebrew,4,"43-desire,105-lust,139-righteousness,193-craving"
H2654B,cha.phats,Hebrew,4,"43-desire,173-will,126-purpose,42-delight"
H2657H,cheph.tsi-vah,Hebrew,4,"43-desire,173-will,126-purpose,42-delight"
H3335I,ya.tsar,Hebrew,4,"126-purpose,112-mind,51-distress,93-intention"
H3372H,ya.re,Hebrew,4,"61-fear,11-awe,138-reverence,158-terror"
H3373,ya.re,Hebrew,4,"61-fear,11-awe,138-reverence,158-terror"
H3589,kid,Hebrew,4,"28-consecration,87-indignation,92-integrity,139-righteousness"
H3652,ken,Hebrew,4,"48-diligence,52-division,67-goodness,108-meditation"
H3823B,lib.bev,Hebrew,4,"183-heart,184-spirit,33-courage,166-understanding"
H3834,le.vi.vah,Hebrew,4,"183-heart,184-spirit,33-courage,166-understanding"
H4605,ma.al,Hebrew,4,"160-thought,52-division,67-goodness,108-meditation"
H4607,mo.al,Hebrew,4,"160-thought,52-division,67-goodness,108-meditation"
H4608,ma.a.leh,Hebrew,4,"160-thought,52-division,67-goodness,108-meditation"
H4609A,ma.a.lah,Hebrew,4,"160-thought,52-division,67-goodness,108-meditation"
H4609B,ma.a.lah,Hebrew,4,"160-thought,52-division,67-goodness,108-meditation"
H4753,mor,Hebrew,4,"71-grief,5-anguish,13-bitterness,51-distress"
H4814,me.ri.rut,Hebrew,4,"71-grief,5-anguish,13-bitterness,51-distress"
H4815,me.ri.ri,Hebrew,4,"71-grief,5-anguish,13-bitterness,51-distress"
H4845,me.re.rah,Hebrew,4,"71-grief,5-anguish,13-bitterness,51-distress"
H4846,me.ro.rah,Hebrew,4,"71-grief,5-anguish,13-bitterness,51-distress"
H4853A,mas.sa,Hebrew,4,"43-desire,73-guilt,163-trust,47-dignity"
H4853B,mas.sa,Hebrew,4,"43-desire,73-guilt,163-trust,47-dignity"
H4856,mas.so,Hebrew,4,"43-desire,73-guilt,163-trust,47-dignity"
H4858,mas.sa.ah,Hebrew,4,"43-desire,73-guilt,163-trust,47-dignity"
H4864,mas.et,Hebrew,4,"43-desire,73-guilt,163-trust,47-dignity"
H4976,mat.tan,Hebrew,4,"126-purpose,42-delight,149-slander,198-might"
H4979,mat.ta.nah,Hebrew,4,"126-purpose,42-delight,149-slander,198-might"
H4991,mat.tat,Hebrew,4,"126-purpose,42-delight,149-slander,198-might"
H5375G,na.sa,Hebrew,4,"43-desire,73-guilt,163-trust,47-dignity"
H5375H,na.sa,Hebrew,4,"43-desire,73-guilt,163-trust,47-dignity"
H5375I,na.sa,Hebrew,4,"43-desire,73-guilt,163-trust,47-dignity"
H5375K,na.sa,Hebrew,4,"43-desire,73-guilt,163-trust,47-dignity"
H5375L,na.sa,Hebrew,4,"43-desire,73-guilt,163-trust,47-dignity"
H5375M,na.sa,Hebrew,4,"43-desire,73-guilt,163-trust,47-dignity"
H5375N,na.sa,Hebrew,4,"43-desire,73-guilt,163-trust,47-dignity"
H5375P,na.sa,Hebrew,4,"43-desire,73-guilt,163-trust,47-dignity"
H5375Q,na.sa,Hebrew,4,"43-desire,73-guilt,163-trust,47-dignity"
H5375R,na.sa,Hebrew,4,"43-desire,73-guilt,163-trust,47-dignity"
H5375S,na.sa,Hebrew,4,"43-desire,73-guilt,163-trust,47-dignity"
H5375T,na.sa,Hebrew,4,"43-desire,73-guilt,163-trust,47-dignity"
H5375U,na.sa,Hebrew,4,"43-desire,73-guilt,163-trust,47-dignity"
H5375V,na.sa,Hebrew,4,"43-desire,73-guilt,163-trust,47-dignity"
H5375W,na.sa,Hebrew,4,"43-desire,73-guilt,163-trust,47-dignity"
H5375X,na.sa,Hebrew,4,"43-desire,73-guilt,163-trust,47-dignity"
H5379,nis.set,Hebrew,4,"43-desire,73-guilt,163-trust,47-dignity"
H5385,ne.su.ah,Hebrew,4,"43-desire,73-guilt,163-trust,47-dignity"
H5387A,na.si,Hebrew,4,"43-desire,73-guilt,163-trust,47-dignity"
H5387B,na.si,Hebrew,4,"43-desire,73-guilt,163-trust,47-dignity"
H5411,ne.ti.nim,Hebrew,4,"126-purpose,42-delight,149-slander,198-might"
H5414H,na.tan,Hebrew,4,"126-purpose,42-delight,149-slander,198-might"
H5414I,na.tan,Hebrew,4,"126-purpose,42-delight,149-slander,198-might"
H5414J,na.tan,Hebrew,4,"126-purpose,42-delight,149-slander,198-might"
H5414K,na.tan,Hebrew,4,"126-purpose,42-delight,149-slander,198-might"
H5414L,na.tan,Hebrew,4,"126-purpose,42-delight,149-slander,198-might"
H5414M,na.tan,Hebrew,4,"126-purpose,42-delight,149-slander,198-might"
H5414N,na.tan,Hebrew,4,"126-purpose,42-delight,149-slander,198-might"
H5414O,na.tan,Hebrew,4,"126-purpose,42-delight,149-slander,198-might"
H5414P,na.tan,Hebrew,4,"126-purpose,42-delight,149-slander,198-might"
H5414Q,na.tan,Hebrew,4,"126-purpose,42-delight,149-slander,198-might"
H5415G,ne.tan,Hebrew,4,"126-purpose,42-delight,149-slander,198-might"
H5415H,ne.tan,Hebrew,4,"126-purpose,42-delight,149-slander,198-might"
H5415I,ne.tan,Hebrew,4,"126-purpose,42-delight,149-slander,198-might"
H5798G,uz.za,Hebrew,4,"74-hardness,187-strength,196-power,198-might"
H5808,iz.zuz,Hebrew,4,"74-hardness,187-strength,196-power,198-might"
H5822,oz.niy.yah,Hebrew,4,"74-hardness,187-strength,196-power,198-might"
H5927H,a.lah,Hebrew,4,"160-thought,52-division,67-goodness,108-meditation"
H5927I,a.lah,Hebrew,4,"160-thought,52-division,67-goodness,108-meditation"
H5927J,a.lah,Hebrew,4,"160-thought,52-division,67-goodness,108-meditation"
H5927K,a.lah,Hebrew,4,"160-thought,52-division,67-goodness,108-meditation"
H5927L,a.lah,Hebrew,4,"160-thought,52-division,67-goodness,108-meditation"
H5927M,a.lah,Hebrew,4,"160-thought,52-division,67-goodness,108-meditation"
H5929,a.leh,Hebrew,4,"160-thought,52-division,67-goodness,108-meditation"
H5930A,o.lah,Hebrew,4,"160-thought,52-division,67-goodness,108-meditation"
H5930B,o.lah,Hebrew,4,"160-thought,52-division,67-goodness,108-meditation"
H5940,e.li,Hebrew,4,"160-thought,52-division,67-goodness,108-meditation"
H5942,il.li,Hebrew,4,"160-thought,52-division,67-goodness,108-meditation"
H5944,a.liy.yah,Hebrew,4,"160-thought,52-division,67-goodness,108-meditation"
H6087B,a.tsav,Hebrew,4,"71-grief,5-anguish,51-distress,151-sorrow"
H6089B,e.tsev,Hebrew,4,"71-grief,5-anguish,51-distress,151-sorrow"
H6090B,o.tsev,Hebrew,4,"71-grief,5-anguish,51-distress,151-sorrow"
H6092,a.tsev,Hebrew,4,"71-grief,5-anguish,51-distress,151-sorrow"
H6414,pa.lil,Hebrew,4,"212-pray,98-justice,160-thought,122-prayer"
H6416,pe.li.li,Hebrew,4,"212-pray,98-justice,160-thought,122-prayer"
H6417,pe.li.liy.yah,Hebrew,4,"212-pray,98-justice,160-thought,122-prayer"
H6696C,tsur,Hebrew,4,"5-anguish,51-distress,151-sorrow,187-strength"
H7067H,qan.na,Hebrew,4,"117-peace,56-envy,96-jealousy,181-zeal"
H7863,si,Hebrew,4,"43-desire,73-guilt,163-trust,47-dignity"
H7865,si.on,Hebrew,4,"43-desire,73-guilt,163-trust,47-dignity"
H8063,se.mi.khah,Hebrew,4,"183-heart,97-joy,42-delight,132-rejoicing"
H8563,tam.rur,Hebrew,4,"71-grief,5-anguish,13-bitterness,51-distress"
H8585A,te.a.lah,Hebrew,4,"160-thought,52-division,67-goodness,108-meditation"
H8585B,te.a.lah,Hebrew,4,"160-thought,52-division,67-goodness,108-meditation"
G0014,agathoergeō,Greek,3,"103-love,65-generosity,67-goodness"
G0015,agathopoieō,Greek,3,"103-love,65-generosity,67-goodness"
G0016,agathopoiia,Greek,3,"103-love,65-generosity,67-goodness"
G0017,agathopoios,Greek,3,"103-love,65-generosity,67-goodness"
G0276,ametathetos,Greek,3,"135-repentance,209-likeness,202-transformation"
G0303,ana,Greek,3,"51-distress,134-renewal,202-transformation"
G0329,anazōpureō,Greek,3,"56-envy,96-jealousy,181-zeal"
G0545,apeithēs,Greek,3,"163-trust,50-disobedience,165-unbelief"
G0573,haplous,Greek,3,"46-devotion,65-generosity,148-sincerity"
G0574,haplōs,Greek,3,"46-devotion,65-generosity,148-sincerity"
G0674,apopsuchō,Greek,3,"182-Soul,183-heart,184-spirit"
G0865,afilagathos,Greek,3,"103-love,65-generosity,67-goodness"
G0895,apsuchos,Greek,3,"182-Soul,183-heart,184-spirit"
G1629,ekfobeō,Greek,3,"61-fear,11-awe,138-reverence"
G1634,ekpsuchō,Greek,3,"182-Soul,183-heart,184-spirit"
G1771,ennoia,Greek,3,"160-thought,126-purpose,112-mind"
G1950,epilanthanō,Greek,3,"160-thought,126-purpose,112-mind"
G2172,euchomai,Greek,3,"212-pray,97-joy,122-prayer"
G2200,zestos,Greek,3,"56-envy,96-jealousy,181-zeal"
G2207,zēlōtēs,Greek,3,"56-envy,96-jealousy,181-zeal"
G2371,thumomacheō,Greek,3,"4-anger,115-passion,178-wrath"
G2556H,kakos,Greek,3,"183-heart,57-evil,189-malice"
G2564H,kaleō,Greek,3,"43-desire,212-pray,19-calling"
G2705,katafileō,Greek,3,"103-love,3-ambition,99-kindness"
G3116,makrothumōs,Greek,3,"116-patience,115-passion,178-wrath"
G3327,metabainō,Greek,3,"135-repentance,209-likeness,202-transformation"
G3329,metagō,Greek,3,"135-repentance,209-likeness,202-transformation"
G3331,metathesis,Greek,3,"135-repentance,209-likeness,202-transformation"
G3332,metairō,Greek,3,"135-repentance,209-likeness,202-transformation"
G3334,metakineō,Greek,3,"135-repentance,209-likeness,202-transformation"
G3335,metalambanō,Greek,3,"135-repentance,209-likeness,202-transformation"
G3337,metallassō,Greek,3,"135-repentance,209-likeness,202-transformation"
G3344,metastrefō,Greek,3,"135-repentance,209-likeness,202-transformation"
G3346,metatithēmi,Greek,3,"135-repentance,209-likeness,202-transformation"
G3642,oligopsuchos,Greek,3,"182-Soul,183-heart,184-spirit"
G3711,orgilos,Greek,3,"4-anger,205-resentment,178-wrath"
G3950,parorgismos,Greek,3,"4-anger,205-resentment,178-wrath"
G4253,pro,Greek,3,"78-hope,173-will,163-trust"
G4388,protithēmi,Greek,3,"34-covenant,126-purpose,1-abomination"
G4422,ptoeō,Greek,3,"61-fear,11-awe,138-reverence"
G4426,pturomai,Greek,3,"61-fear,11-awe,138-reverence"
G4442,pur,Greek,3,"56-envy,96-jealousy,181-zeal"
G4443,pura,Greek,3,"56-envy,96-jealousy,181-zeal"
G4445,puressō,Greek,3,"56-envy,96-jealousy,181-zeal"
G4446,puretos,Greek,3,"56-envy,96-jealousy,181-zeal"
G4447,purinos,Greek,3,"56-envy,96-jealousy,181-zeal"
G4448,puroō,Greek,3,"56-envy,96-jealousy,181-zeal"
G4449,purrazō,Greek,3,"56-envy,96-jealousy,181-zeal"
G4450,purros,Greek,3,"56-envy,96-jealousy,181-zeal"
G4451,purōsis,Greek,3,"56-envy,96-jealousy,181-zeal"
G5087,tithēmi,Greek,3,"34-covenant,126-purpose,1-abomination"
G5364,filanthrōpōs,Greek,3,"103-love,3-ambition,99-kindness"
G5367,filautos,Greek,3,"103-love,3-ambition,99-kindness"
G5370,filēma,Greek,3,"103-love,3-ambition,99-kindness"
G5373,filia,Greek,3,"103-love,3-ambition,99-kindness"
G5376K,filippos,Greek,3,"103-love,3-ambition,99-kindness"
G5381,filoxenia,Greek,3,"103-love,3-ambition,99-kindness"
G5382,filoxenos,Greek,3,"103-love,3-ambition,99-kindness"
G5384,filos,Greek,3,"103-love,3-ambition,99-kindness"
G5390,filofronōs,Greek,3,"103-love,3-ambition,99-kindness"
G5590G,psuchē,Greek,3,"182-Soul,183-heart,184-spirit"
G5590H,psuchē,Greek,3,"182-Soul,183-heart,184-spirit"
G5590I,psuchē,Greek,3,"182-Soul,183-heart,184-spirit"
G5590J,psuchē,Greek,3,"182-Soul,183-heart,184-spirit"
G5590K,psuchē,Greek,3,"182-Soul,183-heart,184-spirit"
G5591,psuchikos,Greek,3,"182-Soul,183-heart,184-spirit"
H0014,a.vah,Hebrew,3,"43-desire,173-will,151-sorrow"
H0206G,a.ven,Hebrew,3,"51-distress,89-iniquity,151-sorrow"
H0234,az.ka.rah,Hebrew,3,"160-thought,112-mind,110-memory"
H0393,akh.zar,Hebrew,3,"187-strength,196-power,198-might"
H0394,akh.za.ri,Hebrew,3,"187-strength,196-power,198-might"
H0395,akh.ze.riy.yut,Hebrew,3,"187-strength,196-power,198-might"
H0534,a.mir,Hebrew,3,"212-pray,160-thought,126-purpose"
H0541,a.man,Hebrew,3,"59-faith,163-trust,44-despair"
H0561,e.mer,Hebrew,3,"212-pray,160-thought,126-purpose"
H0562,o.mer,Hebrew,3,"212-pray,160-thought,126-purpose"
H0565A,im.rah,Hebrew,3,"212-pray,160-thought,126-purpose"
H0565B,em.rah,Hebrew,3,"212-pray,160-thought,126-purpose"
H0570,e.mesh,Hebrew,3,"212-pray,160-thought,126-purpose"
H0712,ar.gaz,Hebrew,3,"4-anger,61-fear,178-wrath"
H0873,bi.ysh,Hebrew,3,"146-shame,1-abomination,51-distress"
H1616,ger,Hebrew,3,"61-fear,11-awe,152-strife"
H1682,de.vo.rah,Hebrew,3,"43-desire,212-pray,126-purpose"
H1687,de.vir,Hebrew,3,"43-desire,212-pray,126-purpose"
H1696H,da.var,Hebrew,3,"43-desire,212-pray,126-purpose"
H1696I,da.var,Hebrew,3,"43-desire,212-pray,126-purpose"
H1697I,da.var,Hebrew,3,"43-desire,212-pray,126-purpose"
H1697J,da.var,Hebrew,3,"43-desire,212-pray,126-purpose"
H1697K,da.var,Hebrew,3,"43-desire,212-pray,126-purpose"
H1697L,da.var,Hebrew,3,"43-desire,212-pray,126-purpose"
H1697M,da.var,Hebrew,3,"43-desire,212-pray,126-purpose"
H1697N,da.var,Hebrew,3,"43-desire,212-pray,126-purpose"
H1698,de.ver,Hebrew,3,"43-desire,212-pray,126-purpose"
H1699A,do.ver,Hebrew,3,"43-desire,212-pray,126-purpose"
H1699B,dib.ber,Hebrew,3,"43-desire,212-pray,126-purpose"
H1700,div.rah,Hebrew,3,"43-desire,212-pray,126-purpose"
H1702,do.ve.rot,Hebrew,3,"43-desire,212-pray,126-purpose"
H1703,dab.be.ret,Hebrew,3,"43-desire,212-pray,126-purpose"
H1932,hu,Hebrew,3,"86-impurity,89-iniquity,92-integrity"
H1943,ho.vah,Hebrew,3,"43-desire,105-lust,193-craving"
H1962,hay.yah,Hebrew,3,"43-desire,105-lust,193-craving"
H2007,hen.nah,Hebrew,3,"86-impurity,89-iniquity,92-integrity"
H2146,zik.ka.ron,Hebrew,3,"160-thought,112-mind,110-memory"
H2254A,cha.val,Hebrew,3,"5-anguish,151-sorrow,2-agony"
H2254B,cha.val,Hebrew,3,"5-anguish,151-sorrow,2-agony"
H2254C,cha.val,Hebrew,3,"5-anguish,151-sorrow,2-agony"
H2256C,cho.ve.lim,Hebrew,3,"5-anguish,151-sorrow,2-agony"
H2256D,che.vel,Hebrew,3,"5-anguish,151-sorrow,2-agony"
H2258A,cha.vol,Hebrew,3,"5-anguish,151-sorrow,2-agony"
H2258B,cha.vo.lah,Hebrew,3,"5-anguish,151-sorrow,2-agony"
H2259,cho.vel,Hebrew,3,"5-anguish,151-sorrow,2-agony"
H2260,chib.bel,Hebrew,3,"5-anguish,151-sorrow,2-agony"
H2456,cha.la,Hebrew,3,"71-grief,212-pray,2-agony"
H2532B,cha.mu.dah,Hebrew,3,"103-love,43-desire,42-delight"
H2750,cho.ri,Hebrew,3,"4-anger,51-distress,178-wrath"
H2803H,cha.shav,Hebrew,3,"160-thought,126-purpose,112-mind"
H2803I,cha.shav,Hebrew,3,"160-thought,126-purpose,112-mind"
H2803J,cha.shav,Hebrew,3,"160-thought,126-purpose,112-mind"
H2810,chish.sha.von,Hebrew,3,"160-thought,126-purpose,112-mind"
H2838,cha.shuq,Hebrew,3,"103-love,183-heart,43-desire"
H2839,chish.shuq,Hebrew,3,"103-love,183-heart,43-desire"
H2896B,tov,Hebrew,3,"103-love,42-delight,67-goodness"
H3070,yir.eh,Hebrew,3,"61-fear,117-peace,58-experience"
H3092K,ye.ho.sha.phat,Hebrew,3,"43-desire,105-lust,193-craving"
H3302,ya.phah,Hebrew,3,"103-love,42-delight,175-wonder"
H3335G,ya.tsar,Hebrew,3,"126-purpose,51-distress,93-intention"
H3335H,ya.tsar,Hebrew,3,"126-purpose,51-distress,93-intention"
H3512B,ka.eh,Hebrew,3,"61-fear,183-heart,211-being"
H3513H,ka.ved,Hebrew,3,"183-heart,15-boastfulness,151-sorrow"
H3513I,ka.ved,Hebrew,3,"183-heart,15-boastfulness,151-sorrow"
H3513J,ka.ved,Hebrew,3,"183-heart,15-boastfulness,151-sorrow"
H3514,ko.ved,Hebrew,3,"183-heart,15-boastfulness,151-sorrow"
H3516,ka.ved,Hebrew,3,"183-heart,15-boastfulness,151-sorrow"
H3517,ke.ve.dut,Hebrew,3,"183-heart,15-boastfulness,151-sorrow"
H3519,ka.vod,Hebrew,3,"183-heart,15-boastfulness,151-sorrow"
H3520A,ka.vod,Hebrew,3,"183-heart,15-boastfulness,151-sorrow"
H3520B,ke.vud.dah,Hebrew,3,"183-heart,15-boastfulness,151-sorrow"
H3581A,ko.ach,Hebrew,3,"187-strength,196-power,198-might"
H3581B,ko.ach,Hebrew,3,"187-strength,196-power,198-might"
H3688,ka.sal,Hebrew,3,"78-hope,163-trust,211-being"
H3982,ma.a.mar,Hebrew,3,"212-pray,160-thought,126-purpose"
H4033,ma.gor,Hebrew,3,"61-fear,11-awe,152-strife"
H4057A,mid.bar,Hebrew,3,"43-desire,212-pray,126-purpose"
H4057B,mid.bar,Hebrew,3,"43-desire,212-pray,126-purpose"
H4057G,mid.bar,Hebrew,3,"43-desire,212-pray,126-purpose"
H4460,mam.me.gu.rot,Hebrew,3,"61-fear,11-awe,152-strife"
H4569A,ma.a.var,Hebrew,3,"4-anger,126-purpose,178-wrath"
H4569B,ma.a.va.rah,Hebrew,3,"4-anger,126-purpose,178-wrath"
H4577,me.a,Hebrew,3,"183-heart,184-spirit,185-flesh"
H4578,me.eh,Hebrew,3,"183-heart,184-spirit,185-flesh"
H4579,ma.ah,Hebrew,3,"183-heart,184-spirit,185-flesh"
H4714I,mits.ra.yim,Hebrew,3,"123-pride,128-rebellion,187-strength"
H4714J,mits.ra.yim,Hebrew,3,"123-pride,128-rebellion,187-strength"
H4805H,me.ri,Hebrew,3,"123-pride,128-rebellion,187-strength"
H4974,me.tom,Hebrew,3,"90-innocence,92-integrity,148-sincerity"
H5376,ne.sa,Hebrew,3,"43-desire,73-guilt,163-trust"
H5587B,se.ip.pim,Hebrew,3,"7-anxiety,160-thought,112-mind"
H5669,a.vur,Hebrew,3,"4-anger,126-purpose,178-wrath"
H5674A,a.var,Hebrew,3,"4-anger,126-purpose,178-wrath"
H5674C,a.var,Hebrew,3,"4-anger,126-purpose,178-wrath"
H5674D,a.var,Hebrew,3,"4-anger,126-purpose,178-wrath"
H5674G,a.var,Hebrew,3,"4-anger,126-purpose,178-wrath"
H5674H,a.var,Hebrew,3,"4-anger,126-purpose,178-wrath"
H5676G,e.ver,Hebrew,3,"4-anger,126-purpose,178-wrath"
H5676H,e.ver,Hebrew,3,"4-anger,126-purpose,178-wrath"
H5676I,e.ver,Hebrew,3,"4-anger,126-purpose,178-wrath"
H5679,a.va.rah,Hebrew,3,"4-anger,126-purpose,178-wrath"
H5796,ez,Hebrew,3,"74-hardness,196-power,198-might"
H5892G,ir,Hebrew,3,"42-delight,5-anguish,178-wrath"
H5922,al,Hebrew,3,"52-division,67-goodness,108-meditation"
H5924,el.la,Hebrew,3,"52-division,67-goodness,108-meditation"
H5998,a.mal,Hebrew,3,"71-grief,5-anguish,151-sorrow"
H6001B,a.mel,Hebrew,3,"71-grief,5-anguish,151-sorrow"
H6191,a.rom,Hebrew,3,"211-being,174-wisdom,206-vulnerability"
H6344,pa.chad,Hebrew,3,"61-fear,53-dread,158-terror"
H6346,pe.chah,Hebrew,3,"61-fear,53-dread,158-terror"
H6640,tse.vu,Hebrew,3,"43-desire,173-will,126-purpose"
H6662,tsad.diq,Hebrew,3,"98-justice,77-honesty,139-righteousness"
H6665,tsid.qah,Hebrew,3,"126-purpose,77-honesty,139-righteousness"
H6735A,tsir,Hebrew,3,"5-anguish,51-distress,151-sorrow"
H6735B,tsir,Hebrew,3,"5-anguish,51-distress,151-sorrow"
H6872A,tse.ror,Hebrew,3,"5-anguish,51-distress,151-sorrow"
H6872B,tse.ror,Hebrew,3,"5-anguish,51-distress,151-sorrow"
H6962,qut,Hebrew,3,"61-fear,51-distress,53-dread"
H7072,qan.no,Hebrew,3,"56-envy,96-jealousy,181-zeal"
H7108,qe.tsaph,Hebrew,3,"4-anger,205-resentment,178-wrath"
H7111,qe.tsa.phah,Hebrew,3,"4-anger,205-resentment,178-wrath"
H7200N,ra.ah,Hebrew,3,"61-fear,117-peace,58-experience"
H7264,ra.gaz,Hebrew,3,"4-anger,61-fear,178-wrath"
H7268,rag.gaz,Hebrew,3,"4-anger,61-fear,178-wrath"
H7269,rog.zah,Hebrew,3,"4-anger,61-fear,178-wrath"
H7307H,ru.ach,Hebrew,3,"4-anger,184-spirit,42-delight"
H7307I,ru.ach,Hebrew,3,"4-anger,184-spirit,42-delight"
H7349,ra.chum,Hebrew,3,"103-love,111-mercy,23-compassion"
H7358,re.chem,Hebrew,3,"103-love,111-mercy,23-compassion"
H7362,ra.cha.ma.ni,Hebrew,3,"103-love,111-mercy,23-compassion"
H7585,she.ol,Hebrew,3,"43-desire,212-pray,31-corruption"
H7919B,sa.khal,Hebrew,3,"211-being,91-insight,174-wisdom"
H7952,sha.lah,Hebrew,3,"117-peace,78-hope,29-contentment"
H7959,sha.lu,Hebrew,3,"117-peace,78-hope,29-contentment"
H7962,shal.vah,Hebrew,3,"117-peace,78-hope,29-contentment"
H7965G,sha.lom,Hebrew,3,"117-peace,34-covenant,163-trust"
H7965I,sha.lom,Hebrew,3,"117-peace,34-covenant,163-trust"
H7965J,sha.lom,Hebrew,3,"117-peace,34-covenant,163-trust"
H7965K,sha.lom,Hebrew,3,"117-peace,34-covenant,163-trust"
H7965L,sha.lom,Hebrew,3,"117-peace,34-covenant,163-trust"
H7966,shil.lum,Hebrew,3,"117-peace,34-covenant,163-trust"
H7987,she.li,Hebrew,3,"117-peace,78-hope,29-contentment"
H7999B,sha.lam,Hebrew,3,"117-peace,34-covenant,163-trust"
H8003,sha.lem,Hebrew,3,"117-peace,34-covenant,163-trust"
H8005,shil.lem,Hebrew,3,"117-peace,34-covenant,163-trust"
H8011,shil.lu.mah,Hebrew,3,"117-peace,34-covenant,163-trust"
H8021,shal.mon,Hebrew,3,"117-peace,34-covenant,163-trust"
H8033H,sham,Hebrew,3,"42-delight,132-rejoicing,204-name"
H8383,te.u.nim,Hebrew,3,"51-distress,89-iniquity,151-sorrow"
H8458,tach.bu.lah,Hebrew,3,"5-anguish,151-sorrow,2-agony"
H8535,tam,Hebrew,3,"90-innocence,92-integrity,148-sincerity"
H8549H,ta.mim,Hebrew,3,"90-innocence,92-integrity,148-sincerity"
H8549I,ta.mim,Hebrew,3,"90-innocence,92-integrity,148-sincerity"
H8549J,ta.mim,Hebrew,3,"90-innocence,92-integrity,148-sincerity"
G0037,hagiazō,Greek,2,"184-spirit,76-holiness"
G0040H,hagios,Greek,2,"184-spirit,76-holiness"
G0073,agōn,Greek,2,"5-anguish,2-agony"
G0075,agōnizomai,Greek,2,"5-anguish,2-agony"
G0092,adikēma,Greek,2,"98-justice,139-righteousness"
G0094,adikos,Greek,2,"98-justice,139-righteousness"
G0095,adikōs,Greek,2,"98-justice,139-righteousness"
G0143,aisthanomai,Greek,2,"160-thought,126-purpose"
G0267,amarturos,Greek,2,"160-thought,159-testimony"
G0268,hamartōlos,Greek,2,"73-guilt,147-sin"
G0341,anakainoō,Greek,2,"134-renewal,202-transformation"
G0394,anatithēmi,Greek,2,"34-covenant,1-abomination"
G0464,antagōnizomai,Greek,2,"5-anguish,2-agony"
G0475,antidiatithēmi,Greek,2,"34-covenant,1-abomination"
G0476,antidikos,Greek,2,"98-justice,139-righteousness"
G0483,antilegō,Greek,2,"212-pray,127-reasoning"
G0536,aparchē,Greek,2,"197-authority,199-dominion"
G0557,apelegmos,Greek,2,"212-pray,127-reasoning"
G0598,apothlibō,Greek,2,"5-anguish,51-distress"
G0662,apotolmaō,Greek,2,"211-being,16-boldness"
G0744,archaios,Greek,2,"197-authority,199-dominion"
G0747,archēgos,Greek,2,"197-authority,199-dominion"
G0756,archomai,Greek,2,"197-authority,199-dominion"
G0757,archō,Greek,2,"197-authority,199-dominion"
G0769H,astheneia,Greek,2,"170-weakness,187-strength"
G0770G,astheneō,Greek,2,"170-weakness,187-strength"
G0770H,astheneō,Greek,2,"170-weakness,187-strength"
G0771,asthenēma,Greek,2,"170-weakness,187-strength"
G0772G,asthenēs,Greek,2,"170-weakness,187-strength"
G0772H,asthenēs,Greek,2,"170-weakness,187-strength"
G0928G,basanizō,Greek,2,"5-anguish,2-agony"
G0928H,basanizō,Greek,2,"5-anguish,2-agony"
G0929,basanismos,Greek,2,"5-anguish,2-agony"
G0930,basanistēs,Greek,2,"5-anguish,2-agony"
G0931,basanos,Greek,2,"2-agony,5-anguish"
G1169,deilos,Greek,2,"61-fear,211-being"
G1189,deomai,Greek,2,"212-pray,122-prayer"
G1246,diakatelenchomai,Greek,2,"212-pray,127-reasoning"
G1263,diamarturomai,Greek,2,"160-thought,159-testimony"
G1272,dianoigō,Greek,2,"160-thought,126-purpose"
G1303,diatithēmi,Greek,2,"34-covenant,1-abomination"
G1331,dierōtaō,Greek,2,"43-desire,212-pray"
G1341,dikaiokrisia,Greek,2,"98-justice,139-righteousness"
G1342,dikaios,Greek,2,"98-justice,139-righteousness"
G1344,dikaioō,Greek,2,"98-justice,139-righteousness"
G1346,dikaiōs,Greek,2,"98-justice,139-righteousness"
G1347,dikaiōsis,Greek,2,"98-justice,139-righteousness"
G1348,dikastēs,Greek,2,"98-justice,139-righteousness"
G1518,eirēnopoios,Greek,2,"103-love,117-peace"
G1577,ekklēsia,Greek,2,"19-calling,192-comfort"
G1649,elegxis,Greek,2,"212-pray,127-reasoning"
G1650,elenchos,Greek,2,"212-pray,127-reasoning"
G1651,elenchō,Greek,2,"212-pray,127-reasoning"
G1652,eleeinos,Greek,2,"111-mercy,23-compassion"
G1654,eleēmosunē,Greek,2,"111-mercy,23-compassion"
G1738,endikos,Greek,2,"98-justice,139-righteousness"
G1755,energēma,Greek,2,"200-energy,58-experience"
G1756,energēs enargēs,Greek,2,"200-energy,58-experience"
G1760,enthumeomai,Greek,2,"160-thought,85-imagination"
G1827,exelenchō,Greek,2,"212-pray,127-reasoning"
G1864,epagōnizomai,Greek,2,"5-anguish,2-agony"
G1905,eperōtaō,Greek,2,"43-desire,212-pray"
G1951,epilegō,Greek,2,"212-pray,127-reasoning"
G1957,epimartureō,Greek,2,"160-thought,159-testimony"
G1963,epinoia,Greek,2,"160-thought,126-purpose"
G2042,erethizō,Greek,2,"3-ambition,152-strife"
G2213,zētēma,Greek,2,"43-desire,140-seeking"
G2214,zētēsis,Greek,2,"43-desire,140-seeking"
G2237,hēdonē,Greek,2,"173-will,42-delight"
G2308,thelēsis,Greek,2,"43-desire,173-will"
G2552,kakopatheia,Greek,2,"23-compassion,115-passion"
G2553,kakopatheō,Greek,2,"23-compassion,115-passion"
G2610,katagōnizomai,Greek,2,"5-anguish,2-agony"
G2613,katadikazō,Greek,2,"98-justice,139-righteousness"
G2639,katalegō,Greek,2,"212-pray,127-reasoning"
G2649,katamartureō,Greek,2,"160-thought,159-testimony"
G2652,katanathema,Greek,2,"34-covenant,1-abomination"
G2653,katanathematizō,Greek,2,"34-covenant,1-abomination"
G2686,katasofizomai,Greek,2,"211-being,174-wisdom"
G2822,klētos,Greek,2,"19-calling,192-comfort"
G2900,krataios,Greek,2,"199-dominion,187-strength"
G2908,kreissōn,Greek,2,"199-dominion,187-strength"
G2909,kreittōn,Greek,2,"199-dominion,187-strength"
G2923,kritēs,Greek,2,"98-justice,160-thought"
G2962H,kurios,Greek,2,"197-authority,199-dominion"
G3004H,legō,Greek,2,"212-pray,127-reasoning"
G3143,marturomai,Greek,2,"160-thought,159-testimony"
G3144,martus,Greek,2,"160-thought,159-testimony"
G3166,megalaucheō,Greek,2,"97-joy,197-authority"
G3309,merimnaō,Greek,2,"7-anxiety,160-thought"
G3356,metriopatheō,Greek,2,"23-compassion,115-passion"
G3421,mnēmoneuō,Greek,2,"112-mind,110-memory"
G3445,morfoō,Greek,2,"209-likeness,202-transformation"
G3471,mōrainō,Greek,2,"211-being,63-foolishness"
G3663,homoiopathēs,Greek,2,"23-compassion,115-passion"
G3741,hosios,Greek,2,"111-mercy,76-holiness"
G3804,pathēma,Greek,2,"23-compassion,115-passion"
G3805,pathētos,Greek,2,"23-compassion,115-passion"
G3875,paraklētos,Greek,2,"19-calling,192-comfort"
G3893,parapikrainō,Greek,2,"13-bitterness,128-rebellion"
G3958,paschō,Greek,2,"163-trust,115-passion"
G4012,peri,Greek,2,"23-compassion,151-sorrow"
G4258,proamartanō,Greek,2,"73-guilt,147-sin"
G4272,prodidōmi,Greek,2,"180-yielding,203-treachery"
G4302,prolegō,Greek,2,"212-pray,127-reasoning"
G4303,promarturomai,Greek,2,"160-thought,159-testimony"
G4305,promerimnaō,Greek,2,"7-anxiety,160-thought"
G4307,pronoia,Greek,2,"160-thought,126-purpose"
G4456,pōroō,Greek,2,"74-hardness,207-blindness (spiritual)"
G4483,ereō,Greek,2,"173-will,16-boldness"
G4599,sthenoō,Greek,2,"170-weakness,187-strength"
G4642,sklēros,Greek,2,"183-heart,74-hardness"
G4643,sklērotēs,Greek,2,"19-calling,192-comfort"
G4644,sklērotrachēlos,Greek,2,"183-heart,74-hardness"
G4645,sklērunō,Greek,2,"183-heart,74-hardness"
G4680,sofos,Greek,2,"211-being,174-wisdom"
G4704,spoudazō,Greek,2,"211-being,181-zeal"
G4705,spoudaios,Greek,2,"211-being,181-zeal"
G4728,stenos,Greek,2,"5-anguish,51-distress"
G4777,sunkakopatheō,Greek,2,"23-compassion,115-passion"
G4784,sunkatatithēmi,Greek,2,"34-covenant,1-abomination"
G4802,suzēteō,Greek,2,"43-desire,140-seeking"
G4803,suzētēsis,Greek,2,"43-desire,140-seeking"
G4828,summartureō,Greek,2,"160-thought,159-testimony"
G4835,sumpathēs,Greek,2,"23-compassion,115-passion"
G4865,sunagōnizomai,Greek,2,"5-anguish,2-agony"
G4901,sunepimartureō,Greek,2,"160-thought,159-testimony"
G4909,suneudokeō,Greek,2,"173-will,42-delight"
G4918,sunthlibō,Greek,2,"5-anguish,51-distress"
G4934,suntithēmi,Greek,2,"34-covenant,1-abomination"
G4990,sōtēr,Greek,2,"39-debauchery,187-strength"
G4992,sōtērion,Greek,2,"39-debauchery,187-strength"
G4994,sōfronizō,Greek,2,"112-mind,142-self-control"
G4996,sōfronōs,Greek,2,"112-mind,142-self-control"
G4998,sōfrōn,Greek,2,"112-mind,142-self-control"
G5092,timē,Greek,2,"146-shame,3-ambition"
G5112,tolmēroteron,Greek,2,"211-being,16-boldness"
G5113,tolmētēs,Greek,2,"211-being,16-boldness"
G5267,hupodikos,Greek,2,"98-justice,139-righteousness"
G5283,huponoia,Greek,2,"160-thought,126-purpose"
G5456G,fōnē,Greek,2,"19-calling,107-meaning"
G5456H,fōnē,Greek,2,"19-calling,107-meaning"
G5561,chōra,Greek,2,"5-anguish,51-distress"
G5575,pseudomartur,Greek,2,"160-thought,159-testimony"
G5576,pseudomartureō,Greek,2,"160-thought,159-testimony"
G6083,sunoida,Greek,2,"26-conscience,211-being"
H0016,e.veh,Hebrew,2,"43-desire,173-will"
H0034,ev.yon,Hebrew,2,"43-desire,173-will"
H0035,a.viy.yo.nah,Hebrew,2,"43-desire,173-will"
H0153,ed.ra,Hebrew,2,"98-justice,187-strength"
H0157H,a.hev,Hebrew,2,"103-love,43-desire"
H0159,o.hav,Hebrew,2,"103-love,43-desire"
H0197G,u.lam,Hebrew,2,"98-justice,187-strength"
H0197H,u.lam,Hebrew,2,"98-justice,187-strength"
H0197I,u.lam,Hebrew,2,"98-justice,187-strength"
H0366,a.yom,Hebrew,2,"61-fear,158-terror"
H0403,a.khen,Hebrew,2,"59-faith,163-trust"
H0533,am.mits,Hebrew,2,"33-courage,187-strength"
H0554,a.mots,Hebrew,2,"33-courage,187-strength"
H0560,a.mar,Hebrew,2,"160-thought,126-purpose"
H0576B,a.nah,Hebrew,2,"44-despair,162-transgression"
H0754,ar.kha,Hebrew,2,"116-patience,177-worth"
H0834B,ba.a.sher,Hebrew,2,"11-awe,142-self-control"
H0834C,me.a.sher,Hebrew,2,"11-awe,142-self-control"
H0834D,ka.a.sher,Hebrew,2,"11-awe,142-self-control"
H0889,be.osh,Hebrew,2,"146-shame,1-abomination"
H0890,bo.shah,Hebrew,2,"146-shame,1-abomination"
H0891,be.u.shim,Hebrew,2,"146-shame,1-abomination"
H0892,ba.vah,Hebrew,2,"146-shame,1-abomination"
H0899A,be.ged,Hebrew,2,"59-faith,203-treachery"
H0899B,be.ged,Hebrew,2,"59-faith,203-treachery"
H0900,bo.ge.dot,Hebrew,2,"59-faith,203-treachery"
H0901,ba.god,Hebrew,2,"59-faith,203-treachery"
H0906,bad,Hebrew,2,"59-faith,203-treachery"
H0908,ba.da,Hebrew,2,"59-faith,203-treachery"
H0936,buz,Hebrew,2,"146-shame,190-contempt"
H0939,bu.zah,Hebrew,2,"146-shame,190-contempt"
H0987,bat.tu.chot,Hebrew,2,"78-hope,163-trust"
H1077,bal,Hebrew,2,"184-spirit,162-transgression"
H1086,ba.lah,Hebrew,2,"184-spirit,162-transgression"
H1087,ba.leh,Hebrew,2,"184-spirit,162-transgression"
H1094,be.lo,Hebrew,2,"184-spirit,162-transgression"
H1100H,be.liy.ya.al,Hebrew,2,"184-spirit,162-transgression"
H1107,bil.a.de,Hebrew,2,"184-spirit,162-transgression"
H1115,bil.ti,Hebrew,2,"184-spirit,162-transgression"
H1158,ba.ah,Hebrew,2,"43-desire,212-pray"
H1159,ba.u,Hebrew,2,"43-desire,212-pray"
H1169,be.el,Hebrew,2,"43-desire,212-pray"
H1180,ba.a.li,Hebrew,2,"117-peace,199-dominion"
H1236,biq.a,Hebrew,2,"43-desire,212-pray"
H1246,baq.qa.shah,Hebrew,2,"43-desire,140-seeking"
H1248,bar,Hebrew,2,"43-desire,140-seeking"
H1290,be.rekh,Hebrew,2,"117-peace,194-blessing"
H1294H,be.ra.khah,Hebrew,2,"117-peace,194-blessing"
H1295G,be.re.khah,Hebrew,2,"117-peace,194-blessing"
H1295H,be.re.khah,Hebrew,2,"117-peace,194-blessing"
H1364,ga.vo.ah,Hebrew,2,"47-dignity,123-pride"
H1376,ge.vir,Hebrew,2,"187-strength,198-might"
H1377,ge.vi.rah,Hebrew,2,"187-strength,198-might"
H1396,ga.var,Hebrew,2,"187-strength,198-might"
H1397,ga.ver,Hebrew,2,"187-strength,198-might"
H1404,ge.ve.ret,Hebrew,2,"187-strength,198-might"
H1454,geh,Hebrew,2,"99-kindness,177-worth"
H1482,gur,Hebrew,2,"11-awe,152-strife"
H1524B,gil,Hebrew,2,"97-joy,42-delight"
H1530G,gal,Hebrew,2,"163-trust,83-idolatry"
H1530H,gal,Hebrew,2,"163-trust,83-idolatry"
H1534,gal.gal,Hebrew,2,"163-trust,83-idolatry"
H1536,gil.gal,Hebrew,2,"163-trust,83-idolatry"
H1538,gul.go.let,Hebrew,2,"163-trust,83-idolatry"
H1543,gul.lah,Hebrew,2,"163-trust,83-idolatry"
H1550A,ga.lil,Hebrew,2,"163-trust,83-idolatry"
H1550B,ga.lil,Hebrew,2,"163-trust,83-idolatry"
H1552,ge.li.lah,Hebrew,2,"163-trust,83-idolatry"
H1556,ga.lal,Hebrew,2,"163-trust,83-idolatry"
H1557,ga.lal,Hebrew,2,"163-trust,83-idolatry"
H1561,gel,Hebrew,2,"163-trust,83-idolatry"
H1668,da,Hebrew,2,"99-kindness,177-worth"
H1777,din,Hebrew,2,"98-justice,152-strife"
H1781,day.yan,Hebrew,2,"98-justice,152-strife"
H1791,dekh,Hebrew,2,"99-kindness,177-worth"
H1797,dik.ken,Hebrew,2,"99-kindness,177-worth"
H1821,de.mah,Hebrew,2,"201-image,209-likeness"
H1825,dim.yon,Hebrew,2,"201-image,209-likeness"
H1872,de.ra,Hebrew,2,"98-justice,187-strength"
H1897,ha.gah,Hebrew,2,"72-groaning,108-meditation"
H1947,ho.le.lah,Hebrew,2,"112-mind,121-praise"
H1948,ho.le.lut,Hebrew,2,"112-mind,121-praise"
H1960,huy.ye.dot,Hebrew,2,"97-joy,121-praise"
H1976,hal.la.zeh,Hebrew,2,"99-kindness,177-worth"
H1984C,ha.lal,Hebrew,2,"112-mind,121-praise"
H1984I,ha.lal,Hebrew,2,"112-mind,121-praise"
H2086,zed,Hebrew,2,"173-will,123-pride"
H2090,zoh,Hebrew,2,"99-kindness,177-worth"
H2097,zo,Hebrew,2,"99-kindness,177-worth"
H2098,zu,Hebrew,2,"99-kindness,177-worth"
H2102,zid,Hebrew,2,"173-will,123-pride"
H2121,ze.don,Hebrew,2,"173-will,123-pride"
H2132G,za.yit,Hebrew,2,"173-will,123-pride"
H2132H,za.yit,Hebrew,2,"173-will,123-pride"
H2138,za.khur,Hebrew,2,"160-thought,110-memory"
H2145,za.khar,Hebrew,2,"160-thought,110-memory"
H2162,za.mam,Hebrew,2,"160-thought,126-purpose"
H2345,chum,Hebrew,2,"111-mercy,23-compassion"
H2347,chus,Hebrew,2,"111-mercy,23-compassion"
H2388G,cha.zaq,Hebrew,2,"33-courage,187-strength"
H2388H,cha.zaq,Hebrew,2,"33-courage,187-strength"
H2388I,cha.zaq,Hebrew,2,"33-courage,187-strength"
H2388J,cha.zaq,Hebrew,2,"33-courage,187-strength"
H2388K,cha.zaq,Hebrew,2,"33-courage,187-strength"
H2390,cha.zeq,Hebrew,2,"33-courage,187-strength"
H2394,choz.qah,Hebrew,2,"33-courage,187-strength"
H2400,chat.ta,Hebrew,2,"73-guilt,147-sin"
H2403B,chat.tat,Hebrew,2,"73-guilt,147-sin"
H2403H,chat.tat,Hebrew,2,"73-guilt,147-sin"
H2403I,chat.tat,Hebrew,2,"73-guilt,147-sin"
H2417,chay,Hebrew,2,"8-appetite,187-strength"
H2470A,cha.lah,Hebrew,2,"71-grief,212-pray"
H2470B,cha.lah,Hebrew,2,"71-grief,212-pray"
H2470H,cha.lah,Hebrew,2,"71-grief,212-pray"
H2475,cha.loph,Hebrew,2,"134-renewal,202-transformation"
H2499,cha.laph,Hebrew,2,"199-dominion,202-transformation"
H2500,che.leph,Hebrew,2,"134-renewal,202-transformation"
H2502A,cha.lats,Hebrew,2,"183-heart,187-strength"
H2502B,cha.lats,Hebrew,2,"183-heart,187-strength"
H2505A,cha.laq,Hebrew,2,"199-dominion,52-division"
H2505B,cha.laq,Hebrew,2,"199-dominion,52-division"
H2506A,che.leq,Hebrew,2,"199-dominion,52-division"
H2525,cham,Hebrew,2,"4-anger,105-lust"
H2527,chom,Hebrew,2,"4-anger,105-lust"
H2529A,chem.ah,Hebrew,2,"4-anger,178-wrath"
H2529B,che.mah,Hebrew,2,"4-anger,178-wrath"
H2535,cham.mah,Hebrew,2,"4-anger,105-lust"
H2553,cham.man,Hebrew,2,"4-anger,105-lust"
H2622,cha.sut,Hebrew,2,"78-hope,163-trust"
H2804,cha.shav,Hebrew,2,"160-thought,126-purpose"
H2805,che.shev,Hebrew,2,"160-thought,126-purpose"
H2844A,chat,Hebrew,2,"61-fear,158-terror"
H2844B,chat,Hebrew,2,"61-fear,158-terror"
H2849,chat.chat,Hebrew,2,"61-fear,158-terror"
H2866,cha.tat,Hebrew,2,"61-fear,158-terror"
H2869,tav,Hebrew,2,"42-delight,67-goodness"
H2941,te.em,Hebrew,2,"49-discernment,174-wisdom"
H2942,te.em,Hebrew,2,"49-discernment,174-wisdom"
H2974,ya.al,Hebrew,2,"173-will,211-being"
H3049,yid.de.o.ni,Hebrew,2,"160-thought,100-knowledge"
H3176G,ya.chal,Hebrew,2,"78-hope,163-trust"
H3176H,ya.chal,Hebrew,2,"78-hope,163-trust"
H3276,ya.al,Hebrew,2,"184-spirit,126-purpose"
H3282,ya.an,Hebrew,2,"126-purpose,198-might"
H3304,ye.pheh-phiy.yah,Hebrew,2,"103-love,42-delight"
H3308,yo.phi,Hebrew,2,"103-love,42-delight"
H3318H,ya.tsa,Hebrew,2,"185-flesh,156-surrender"
H3318I,ya.tsa,Hebrew,2,"185-flesh,156-surrender"
H3318J,ya.tsa,Hebrew,2,"185-flesh,156-surrender"
H3318K,ya.tsa,Hebrew,2,"185-flesh,156-surrender"
H3318L,ya.tsa,Hebrew,2,"185-flesh,156-surrender"
H3318M,ya.tsa,Hebrew,2,"185-flesh,156-surrender"
H3318N,ya.tsa,Hebrew,2,"185-flesh,156-surrender"
H3318O,ya.tsa,Hebrew,2,"185-flesh,156-surrender"
H3318P,ya.tsa,Hebrew,2,"185-flesh,156-surrender"
H3319,she.tsi,Hebrew,2,"185-flesh,156-surrender"
H3329,ya.tsi,Hebrew,2,"185-flesh,156-surrender"
H3338,ye.tsu.rim,Hebrew,2,"126-purpose,93-intention"
H3377,ya.rev,Hebrew,2,"51-distress,152-strife"
H3401,ya.riv,Hebrew,2,"51-distress,152-strife"
H3423G,ya.rash,Hebrew,2,"43-desire,160-thought"
H3423H,ya.rash,Hebrew,2,"43-desire,160-thought"
H3423I,ya.rash,Hebrew,2,"43-desire,160-thought"
H3424,ye.re.shah,Hebrew,2,"43-desire,160-thought"
H3425,ye.rush.shah,Hebrew,2,"43-desire,160-thought"
H3474,ya.shar,Hebrew,2,"98-justice,168-uprightness"
H3477I,ya.shar,Hebrew,2,"98-justice,168-uprightness"
H3559A,kun,Hebrew,2,"59-faith,163-trust"
H3559B,na.khon,Hebrew,2,"59-faith,163-trust"
H3559H,kun,Hebrew,2,"59-faith,163-trust"
H3559I,kun,Hebrew,2,"59-faith,163-trust"
H3559J,kun,Hebrew,2,"59-faith,163-trust"
H3559K,kun,Hebrew,2,"59-faith,163-trust"
H3561,kav.van,Hebrew,2,"59-faith,163-trust"
H3563A,kos,Hebrew,2,"59-faith,163-trust"
H3563B,kos,Hebrew,2,"59-faith,163-trust"
H3644H,ke.mo,Hebrew,2,"48-diligence,177-worth"
H3680,ka.sah,Hebrew,2,"197-authority,90-innocence"
H3684,ke.sil,Hebrew,2,"78-hope,163-trust"
H3685H,ke.sil,Hebrew,2,"78-hope,163-trust"
H3687,ke.si.lut,Hebrew,2,"78-hope,163-trust"
H3690,kis.lah,Hebrew,2,"78-hope,163-trust"
H3701G,ke.seph,Hebrew,2,"146-shame,43-desire"
H3701H,ke.seph,Hebrew,2,"146-shame,43-desire"
H3809,la,Hebrew,2,"44-despair,49-discernment"
H3818,lo am.mi,Hebrew,2,"44-despair,49-discernment"
H3981,ma.a.mats,Hebrew,2,"33-courage,187-strength"
H4039,me.gil.lah,Hebrew,2,"163-trust,83-idolatry"
H4062,mad.he.vah,Hebrew,2,"123-pride,187-strength"
H4069,mad.du.a,Hebrew,2,"160-thought,100-knowledge"
H4082,me.di.nah,Hebrew,2,"98-justice,152-strife"
H4129,mo.da,Hebrew,2,"160-thought,100-knowledge"
H4130,mo.da.at,Hebrew,2,"160-thought,100-knowledge"
H4161,mo.tsa,Hebrew,2,"185-flesh,156-surrender"
H4163,mo.tsa.ah,Hebrew,2,"185-flesh,156-surrender"
H4181,mo.ra.shah,Hebrew,2,"43-desire,160-thought"
H4245A,ma.cha.leh,Hebrew,2,"71-grief,212-pray"
H4245B,ma.cha.lah,Hebrew,2,"71-grief,212-pray"
H4251,ma.cha.luy,Hebrew,2,"71-grief,212-pray"
H4252,ma.cha.laph,Hebrew,2,"134-renewal,202-transformation"
H4253,ma.cha.la.phah,Hebrew,2,"134-renewal,202-transformation"
H4255,mach.le.qah,Hebrew,2,"199-dominion,52-division"
H4349,ma.khon,Hebrew,2,"59-faith,163-trust"
H4350,me.kho.nah,Hebrew,2,"59-faith,163-trust"
H4369,me.khu.nah,Hebrew,2,"59-faith,163-trust"
H4410,me.lu.khah,Hebrew,2,"199-dominion,160-thought"
H4427B,ma.lakh,Hebrew,2,"199-dominion,160-thought"
H4428H,ham.me.lekh,Hebrew,2,"199-dominion,160-thought"
H4438,mal.khut,Hebrew,2,"199-dominion,160-thought"
H4446,me.le.khet,Hebrew,2,"199-dominion,160-thought"
H4516,man.am.mim,Hebrew,2,"103-love,42-delight"
H4611,ma.a.lal,Hebrew,2,"146-shame,187-strength"
H4637,ma.a.ra.tsah,Hebrew,2,"61-fear,53-dread"
H4645,miph.ga,Hebrew,2,"212-pray,94-intercession"
H4691,me.tsu.qah,Hebrew,2,"5-anguish,51-distress"
H4720,miq.dash,Hebrew,2,"28-consecration,76-holiness"
H4723C,miq.veh,Hebrew,2,"78-hope,163-trust"
H4758,mar.eh,Hebrew,2,"61-fear,58-experience"
H4759A,mar.ah,Hebrew,2,"61-fear,58-experience"
H4759B,mar.ah,Hebrew,2,"61-fear,58-experience"
H4865,mish.be.tsot,Hebrew,2,"5-anguish,2-agony"
H4878,me.shu.vah,Hebrew,2,"135-repentance,160-thought"
H4890,mis.chaq,Hebrew,2,"42-delight,132-rejoicing"
H4911A,ma.shal,Hebrew,2,"197-authority,199-dominion"
H4911B,ma.shal,Hebrew,2,"197-authority,199-dominion"
H4915B,mo.shel,Hebrew,2,"197-authority,199-dominion"
H4941H,mish.pat,Hebrew,2,"98-justice,24-condemnation"
H4941I,mish.pat,Hebrew,2,"98-justice,24-condemnation"
H4941J,mish.pat,Hebrew,2,"98-justice,24-condemnation"
H4941K,mish.pat,Hebrew,2,"98-justice,24-condemnation"
H4999,na.vah,Hebrew,2,"103-love,42-delight"
H5007A,ne.a.tsah,Hebrew,2,"4-anger,205-resentment"
H5007B,ne.a.tsah,Hebrew,2,"4-anger,205-resentment"
H5035A,ne.vel,Hebrew,2,"183-heart,190-contempt"
H5035B,ne.vel,Hebrew,2,"183-heart,190-contempt"
H5036,na.val,Hebrew,2,"183-heart,190-contempt"
H5038,ne.ve.lah,Hebrew,2,"183-heart,190-contempt"
H5068,na.dav,Hebrew,2,"173-will,112-mind"
H5069,ne.dav,Hebrew,2,"173-will,112-mind"
H5132A,na.tsah,Hebrew,2,"4-anger,205-resentment"
H5132B,na.tsats,Hebrew,2,"4-anger,205-resentment"
H5138,na.zid,Hebrew,2,"173-will,123-pride"
H5273B,na.im,Hebrew,2,"103-love,42-delight"
H5278,no.am,Hebrew,2,"103-love,42-delight"
H5282,na.a.man,Hebrew,2,"103-love,42-delight"
H5463,se.gar,Hebrew,2,"156-surrender,176-worship"
H5587A,se.ip.pah,Hebrew,2,"7-anxiety,160-thought"
H5689,a.gav,Hebrew,2,"103-love,43-desire"
H5748,u.gav,Hebrew,2,"103-love,43-desire"
H5753B,a.vah,Hebrew,2,"73-guilt,89-iniquity"
H5760,a.vil,Hebrew,2,"89-iniquity,172-wickedness"
H5765,a.val,Hebrew,2,"89-iniquity,172-wickedness"
H5766B,av.lah,Hebrew,2,"89-iniquity,172-wickedness"
H5767,av.val,Hebrew,2,"89-iniquity,172-wickedness"
H5771H,a.von,Hebrew,2,"73-guilt,89-iniquity"
H5771I,a.von,Hebrew,2,"73-guilt,89-iniquity"
H5772,o.nah,Hebrew,2,"126-purpose,198-might"
H5782,ur,Hebrew,2,"5-anguish,178-wrath"
H5932,al.vah,Hebrew,2,"89-iniquity,172-wickedness"
H5953A,a.lal,Hebrew,2,"146-shame,187-strength"
H5953B,a.lal,Hebrew,2,"146-shame,187-strength"
H5953C,a.lal,Hebrew,2,"146-shame,187-strength"
H5953D,a.lal,Hebrew,2,"146-shame,187-strength"
H5955,o.le.lot,Hebrew,2,"146-shame,187-strength"
H6030B,a.nah,Hebrew,2,"126-purpose,198-might"
H6030C,a.nah,Hebrew,2,"126-purpose,198-might"
H6175,a.rum,Hebrew,2,"211-being,174-wisdom"
H6178,a.ruts,Hebrew,2,"61-fear,53-dread"
H6184,a.rits,Hebrew,2,"61-fear,53-dread"
H6256,et,Hebrew,2,"126-purpose,198-might"
H6258,at.tah,Hebrew,2,"126-purpose,198-might"
H6261,it.ti,Hebrew,2,"126-purpose,198-might"
H6282A,a.tar,Hebrew,2,"212-pray,111-mercy"
H6282B,a.tar,Hebrew,2,"212-pray,111-mercy"
H6294,pe.ga,Hebrew,2,"212-pray,94-intercession"
H6426,pa.lats,Hebrew,2,"61-fear,1-abomination"
H6437G,pa.nah,Hebrew,2,"4-anger,146-shame"
H6437H,pa.nah,Hebrew,2,"4-anger,146-shame"
H6440H,pa.neh,Hebrew,2,"4-anger,146-shame"
H6440I,pa.neh,Hebrew,2,"4-anger,146-shame"
H6440J,pa.neh,Hebrew,2,"4-anger,146-shame"
H6440K,pa.neh,Hebrew,2,"4-anger,146-shame"
H6440L,pa.neh,Hebrew,2,"4-anger,146-shame"
H6440M,pa.neh,Hebrew,2,"4-anger,146-shame"
H6440N,pa.neh,Hebrew,2,"4-anger,146-shame"
H6441,pe.ni.mah,Hebrew,2,"4-anger,146-shame"
H6442,pe.ni.mi,Hebrew,2,"4-anger,146-shame"
H6592,pe.sher,Hebrew,2,"128-rebellion,162-transgression"
H6593,pe.shet,Hebrew,2,"128-rebellion,162-transgression"
H6594,pish.tah,Hebrew,2,"128-rebellion,162-transgression"
H6596,pot,Hebrew,2,"128-rebellion,162-transgression"
H6598,pat-bag,Hebrew,2,"128-rebellion,162-transgression"
H6599,pit.gam,Hebrew,2,"128-rebellion,162-transgression"
H6623,pit.ron,Hebrew,2,"43-desire,173-will"
H6627,tse.ah,Hebrew,2,"185-flesh,156-surrender"
H6631,tse.e.tsa,Hebrew,2,"185-flesh,156-surrender"
H6697G,tsur,Hebrew,2,"51-distress,187-strength"
H6697H,tsur,Hebrew,2,"51-distress,187-strength"
H6736,tsir,Hebrew,2,"5-anguish,151-sorrow"
H6737,tsa.yar,Hebrew,2,"5-anguish,151-sorrow"
H6800A,tsa.na,Hebrew,2,"80-humility,211-being"
H6918H,qa.dosh,Hebrew,2,"28-consecration,76-holiness"
H6922,qad.dish,Hebrew,2,"28-consecration,76-holiness"
H6940,qad.rut,Hebrew,2,"71-grief,151-sorrow"
H6942H,qa.dash,Hebrew,2,"28-consecration,76-holiness"
H6942I,qa.dash,Hebrew,2,"28-consecration,76-holiness"
H6942J,qa.dash,Hebrew,2,"28-consecration,76-holiness"
H6942K,qa.dash,Hebrew,2,"28-consecration,76-holiness"
H6944H,qo.desh,Hebrew,2,"28-consecration,76-holiness"
H6944I,qo.desh,Hebrew,2,"28-consecration,76-holiness"
H6944J,qo.desh,Hebrew,2,"28-consecration,76-holiness"
H6945,qa.desh,Hebrew,2,"28-consecration,76-holiness"
H6946H,qa.desh,Hebrew,2,"28-consecration,76-holiness"
H6948,qe.de.shah,Hebrew,2,"28-consecration,76-holiness"
H6957A,qav,Hebrew,2,"78-hope,163-trust"
H6957B,qav,Hebrew,2,"78-hope,163-trust"
H6961,qa.veh,Hebrew,2,"78-hope,163-trust"
H6963A,qol,Hebrew,2,"146-shame,190-contempt"
H6963B,qol,Hebrew,2,"146-shame,190-contempt"
H6963H,qol,Hebrew,2,"146-shame,190-contempt"
H6963I,qol,Hebrew,2,"146-shame,190-contempt"
H6963J,qol,Hebrew,2,"146-shame,190-contempt"
H6963K,qol,Hebrew,2,"146-shame,190-contempt"
H6963L,qol,Hebrew,2,"146-shame,190-contempt"
H6978,qav.qav,Hebrew,2,"78-hope,163-trust"
H7031,qal,Hebrew,2,"146-shame,190-contempt"
H7044,qa.lal,Hebrew,2,"146-shame,190-contempt"
H7045,qe.la.lah,Hebrew,2,"146-shame,190-contempt"
H7052,qe.lo.qel,Hebrew,2,"146-shame,190-contempt"
H7186,qa.sheh,Hebrew,2,"51-distress,153-stubbornness"
H7200H,ra.ah,Hebrew,2,"61-fear,58-experience"
H7200I,ra.ah,Hebrew,2,"61-fear,58-experience"
H7200J,ra.ah,Hebrew,2,"61-fear,58-experience"
H7200K,ra.ah,Hebrew,2,"61-fear,58-experience"
H7200L,ra.ah,Hebrew,2,"61-fear,58-experience"
H7200M,ra.ah,Hebrew,2,"61-fear,58-experience"
H7202,ra.eh,Hebrew,2,"61-fear,58-experience"
H7203A,ro.eh,Hebrew,2,"61-fear,58-experience"
H7203B,ro.eh,Hebrew,2,"61-fear,58-experience"
H7207,ray.yah,Hebrew,2,"61-fear,58-experience"
H7209,re.i,Hebrew,2,"61-fear,58-experience"
H7210,ro.i,Hebrew,2,"61-fear,58-experience"
H7212,re.ut,Hebrew,2,"61-fear,58-experience"
H7266,re.gaz,Hebrew,2,"4-anger,178-wrath"
H7271,re.gal,Hebrew,2,"4-anger,178-wrath"
H7287B,ra.dah,Hebrew,2,"197-authority,199-dominion"
H7293,ra.hav,Hebrew,2,"123-pride,187-strength"
H7299,rev,Hebrew,2,"61-fear,58-experience"
H7308,ru.ach,Hebrew,2,"4-anger,184-spirit"
H7313,rum,Hebrew,2,"111-mercy,23-compassion"
H7314,rum,Hebrew,2,"111-mercy,23-compassion"
H7328,raz,Hebrew,2,"111-mercy,23-compassion"
H7378,riv,Hebrew,2,"51-distress,152-strife"
H7381,re.ach,Hebrew,2,"4-anger,42-delight"
H7411A,ra.mah,Hebrew,2,"40-deceit,203-treachery"
H7411B,ra.mah,Hebrew,2,"40-deceit,203-treachery"
H7423B,re.miy.yah,Hebrew,2,"40-deceit,203-treachery"
H7462A,bet-e.qed ha.ro.im,Hebrew,2,"103-love,160-thought"
H7462B,ra.ah,Hebrew,2,"103-love,160-thought"
H7462C,ra.ah,Hebrew,2,"103-love,160-thought"
H7462D,ra.ah,Hebrew,2,"103-love,160-thought"
H7497G,re.pha.im,Hebrew,2,"184-spirit,208-sloth"
H7504,ra.pheh,Hebrew,2,"184-spirit,208-sloth"
H7510,riph.yon,Hebrew,2,"184-spirit,208-sloth"
H7568,re.shet,Hebrew,2,"43-desire,160-thought"
H7596,she.e.lah,Hebrew,2,"43-desire,212-pray"
H7660,sha.vats,Hebrew,2,"5-anguish,2-agony"
H7725G,shuv,Hebrew,2,"135-repentance,160-thought"
H7725H,shuv,Hebrew,2,"135-repentance,160-thought"
H7725K,shuv,Hebrew,2,"135-repentance,160-thought"
H7725L,shuv,Hebrew,2,"135-repentance,160-thought"
H7725M,shuv,Hebrew,2,"135-repentance,160-thought"
H7726,sho.vav,Hebrew,2,"135-repentance,160-thought"
H7728,sho.vev,Hebrew,2,"135-repentance,160-thought"
H7814,se.choq,Hebrew,2,"42-delight,132-rejoicing"
H7870,shi.vah,Hebrew,2,"135-repentance,160-thought"
H7896K,shit,Hebrew,2,"126-purpose,112-mind"
H7914,se.khiy.yah,Hebrew,2,"183-heart,85-imagination"
H7915,sak.kin,Hebrew,2,"183-heart,85-imagination"
H7920,se.khal,Hebrew,2,"91-insight,174-wisdom"
H7984,shil.ton,Hebrew,2,"197-authority,199-dominion"
H7990,shal.lit,Hebrew,2,"197-authority,199-dominion"
H8000,she.lem,Hebrew,2,"117-peace,34-covenant"
H8036,shum,Hebrew,2,"117-peace,204-name"
H8146,sa.ni,Hebrew,2,"103-love,75-hatred"
H8196,she.phot,Hebrew,2,"98-justice,24-condemnation"
H8200,she.phat,Hebrew,2,"98-justice,24-condemnation"
H8285,she.rah,Hebrew,2,"185-flesh,153-stubbornness"
H8306,sha.rir,Hebrew,2,"185-flesh,153-stubbornness"
H8324,sho.rer,Hebrew,2,"185-flesh,153-stubbornness"
H8326,sho.rer,Hebrew,2,"185-flesh,153-stubbornness"
H8333,shar.she.rah,Hebrew,2,"185-flesh,153-stubbornness"
H8399,tav.lit,Hebrew,2,"184-spirit,162-transgression"
H8421G,tuv,Hebrew,2,"135-repentance,160-thought"
H8421H,tuv,Hebrew,2,"135-repentance,160-thought"
H8421I,tuv,Hebrew,2,"135-repentance,160-thought"
H8429,te.vah,Hebrew,2,"61-fear,175-wonder"
H8444,to.tsa.ah,Hebrew,2,"185-flesh,156-surrender"
H8492,ti.rosh,Hebrew,2,"43-desire,160-thought"
H8498,te.khu.nah,Hebrew,2,"59-faith,163-trust"
H8499,te.khu.nah,Hebrew,2,"59-faith,163-trust"
H8540,te.mah,Hebrew,2,"61-fear,175-wonder"
H8541,tim.ma.hon,Hebrew,2,"61-fear,175-wonder"
H8586,ta.a.lu.lim,Hebrew,2,"146-shame,187-strength"
H8606,tiph.le.tset,Hebrew,2,"61-fear,1-abomination"
H8615A,tiq.vah,Hebrew,2,"78-hope,163-trust"
H8632A,te.qaph,Hebrew,2,"197-authority,187-strength"
H8632B,te.qoph,Hebrew,2,"197-authority,187-strength"
H8649B,tar.mit,Hebrew,2,"40-deceit,203-treachery"
H8665,tash.bets,Hebrew,2,"5-anguish,2-agony"
H8666,te.shu.vah,Hebrew,2,"135-repentance,160-thought"
